id,domain,status,purchase_price,renewal_price,attractiveness,demand,length,registrar,created_at,expires_at,status_verified_at
7d98f254-e783-41b7-9cfc-1559defed02c,farming.farm,premium,118.8,118.8,high,low,7,namesilo,,,17/08/2026 22:33
0572ac9a-fc56-42f3-bf2b-449e7e741742,agriculture.ninja,available,15.99,30.99,high,low,11,namesilo,,,29/09/2026 10:29
f55e75e1-0c6e-4cae-94ae-7d193ad69ca3,agriculture.garden,premium,,,high,low,11,,,,29/09/2026 10:29
e5bd9cb2-be7e-43b4-82da-66f92e7a71fd,agriculture.it,resell,,,high,low,11,,28/06/2015 09:00,17/07/2027 00:00,29/09/2026 10:29
d463635a-61a4-4c95-9557-b55830fc7a9d,agriculture.engineering,premium,242,242,high,low,11,namesilo,,,29/09/2026 10:29
e6a355c8-783b-4414-a45a-8b23dce4abba,agriculture.ltda,premium,66.3,66.3,high,low,11,namecheap,,,29/09/2026 10:29
941f4793-8108-4d2c-b04b-b4042fab4213,agriculture.lease,available,58.98,73.98,high,low,11,namecheap,,,29/09/2026 10:29
b1ca257d-3467-412f-b5f4-506cb7de8f19,agriculture.investments,premium,118.8,118.8,high,low,11,namesilo,,,29/09/2026 10:29
cbe2ac40-d286-499f-abe2-88902b24b3a2,agriculture.vodka,available,32.49,32.49,high,low,11,namesilo,,,29/09/2026 10:29
d7ebb418-cfb4-4236-bba4-0dcae9e29ac3,agriculture.rentals,premium,68.51,68.51,high,low,11,spaceship,,,29/09/2026 10:29
f9082856-fa11-4dfc-a0d3-58284f124be0,agriculture.srl,premium,54.28,30.68,high,low,11,namesilo,,,29/09/2026 10:29
6fa26e75-11c2-46a5-b2df-6ff5ee08ea91,agriculture.software,premium,512,512,high,low,11,namesilo,,,29/09/2026 10:29
601206d0-cf06-44c5-8d54-ade3098602ba,agriculture.hiv,available,195.99,195.99,high,low,11,namesilo,,,29/09/2026 10:29
19773080-e6d1-4db8-9a20-74095724c3ac,farming.wine,premium,500,500,high,low,7,name.com,,,17/08/2026 22:33
5b4a794a-d3b5-40ed-8519-6f871905da19,agriculture.casa,premium,88,10.92,high,low,11,dynadot,,,29/09/2026 10:29
304a64ef-3089-4580-b2a9-6a6f4c4359cf,agriculture.dev,premium,115.7,115.7,high,low,11,namecheap,,,29/09/2026 10:29
75a476be-bfd8-4856-bb38-b31847c6ab80,farming.ninja,available,9.99,39.99,high,low,7,name.com,,,17/08/2026 22:33
21b56035-4316-4d3e-9bc6-b2e99a2d3eb2,agriculture.media,resell,,,high,low,11,,,,29/09/2026 10:29
08c34309-7cfa-4ecc-95a2-473b74c31044,agriculture.immo,available,27.2,27.2,high,low,11,cloudflare,,,29/09/2026 10:29
7a3fb716-c92f-47c1-a570-06e2fe38b8e2,agriculture.gold,available,9.99,99.99,high,low,11,namesilo,,,29/09/2026 10:29
51361f77-0f38-49ae-a451-f718bf9606a3,agriculture.surf,available,1.54,26.26,high,low,11,porkbun,,,29/09/2026 10:29
2368e44d-d350-41e2-9917-fe80e17e4760,agriculture.viajes,available,37.99,37.99,high,low,11,namesilo,,,29/09/2026 10:29
1e7e6c60-3eaf-4ac5-aa5d-89cc267417c6,agriculture.motorcycles,available,1.99,17.29,high,low,11,namesilo,,,29/09/2026 10:29
04baa49f-47e0-44f9-aa07-d9139c2a0518,agriculture.lifestyle,available,5.49,39.99,high,low,11,namesilo,,,29/09/2026 10:29
d36c8ec7-d68f-4d8b-9ee7-fca7483b5836,agriculture.hiphop,available,20.9,20.9,high,low,11,spaceship,,,29/09/2026 10:29
32eb4a4b-36c0-492b-a816-d5733bdff533,agriculture.beer,available,2.19,32.49,high,low,11,namesilo,,,29/09/2026 10:29
a9fb5d84-897e-4b68-9121-eb120bf45655,agriculture.makeup,available,1.99,17.29,high,low,11,namesilo,,,29/09/2026 10:29
f9c8722b-0fd8-45b8-b930-ce62c3ed52dc,agriculture.diet,available,100.2,100.2,high,low,11,cloudflare,,,29/09/2026 10:29
ba97c898-20a2-4ac9-8a09-d7d07e59bbda,agriculture.vin,available,6.41,47.81,high,low,11,spaceship,,,29/09/2026 10:29
af76fb04-b97f-4dff-ac4a-81cc1324815a,agriculture.reviews,premium,118.8,118.8,high,low,11,namesilo,,,29/09/2026 10:29
c64ddf5a-c902-4a3d-8f20-115c5282af5c,agriculture.furniture,available,26.5,,high,low,11,unstoppable,,,29/09/2026 10:29
6c33dfae-91b7-467a-8b5c-65be797623bd,agriculture.football,available,20.9,20.9,high,low,11,spaceship,,,29/09/2026 10:29
cf032984-dc6f-4a4d-87b6-3fdbdb53f978,agriculture.voting,available,978.6,978.6,high,low,11,dynadot,,,29/09/2026 10:29
fd4e43e7-41fc-4b5d-babc-c63c6c802e4f,agriculture.meme,premium,65,65,high,low,11,namecheap,,,29/09/2026 10:29
7f0491c6-7fa6-4ddd-b987-f4072b61cb08,agriculture.vana,available,2070.2,2070.2,high,low,11,spaceship,,,29/09/2026 10:29
7c38b8e8-ad83-4952-856b-c9ee59728f3e,agriculture.builders,premium,118.8,118.8,high,low,11,namesilo,,,29/09/2026 10:29
21c1eb97-fefe-4df2-a2bc-7480d108ebd2,agriculture.phd,premium,89.2,,high,low,11,unstoppable,,,29/09/2026 10:29
0066e544-7422-48e9-b842-12ebd21d7d59,agriculture.gifts,available,29.18,29.18,high,low,11,spaceship,,,29/09/2026 10:29
cabd543f-6c0b-432d-b7bb-3bd05bdbda4a,agriculture.forsale,premium,108.9,108.9,high,low,11,dynadot,,,29/09/2026 10:29
d20f3b24-1bd6-4cb3-9bed-f48e695fc97f,agriculture.soy,premium,81.97,81.97,high,low,11,spaceship,,,29/09/2026 10:29
d880313f-a581-4ca7-a74c-22730784e91f,agriculture.asia,resell,,,high,low,11,,,,29/09/2026 10:29
2d7c92d4-773a-4755-8a83-8ce2707dc6a2,agriculture.tours,available,5.38,49.88,high,low,11,spaceship,,,29/09/2026 10:29
b3aa9595-7501-4cc6-9b07-03e2ee353e2c,agriculture.tickets,available,393.98,608.98,high,low,11,namecheap,,,29/09/2026 10:29
3e449361-26c4-4a5f-9890-b1f2fdeb148b,agriculture.sarl,available,6.99,6.99,high,low,11,namesilo,,,29/09/2026 10:29
cae8d5da-bb55-44bb-a53c-c0993fd0fcc9,agriculture.gmbh,available,45.99,45.99,high,low,11,namesilo,,,29/09/2026 10:29
fc584812-0aa6-41f3-843c-8adc92d3a035,agriculture.health,premium,517.7,62.3,high,low,11,spaceship,,,29/09/2026 10:29
3256de58-2eff-4018-a1dd-e0ec9094c096,agriculture.coupons,available,42.2,42.2,high,low,11,cloudflare,,,29/09/2026 10:29
0220763c-c5df-4ec0-903e-bcc24ebebf54,agriculture.adult,available,95.2,95.2,high,low,11,cloudflare,,,29/09/2026 10:29
40662c11-d2e9-44dc-9dd0-665a201eb840,agriculture.enterprises,available,3.5,29.01,high,low,11,dynadot,,,29/09/2026 10:29
4750f07c-e7d8-43f6-b4c4-2cec478ab4d5,farming.film,available,77.98,97.98,high,low,7,namecheap,,,27/09/2026 06:43
1278f17c-b99a-4cdf-892d-5668418a4c6a,farming.cars,available,1999.99,2199,high,low,7,namesilo,,,17/08/2026 22:33
8682025b-8df3-4378-b27c-134718a27765,agriculture.cooking,premium,96,29.5,high,low,11,namesilo,,,29/09/2026 10:29
8b171c61-dcdc-40e8-983c-398b1f7bb193,agriculture.church,available,14.99,58.99,high,low,11,namesilo,,,29/09/2026 10:29
b959ab5c-cfba-4045-a092-c503b7231b0d,farming.online,premium,312.5,1250,high,low,7,name.com,,,17/08/2026 22:33
2a3b3b1b-68ac-4222-9d9a-7818dd6b1b62,farming.tech,premium,781.25,3125,high,low,7,name.com,,,17/08/2026 22:33
4a247d46-69f2-417f-8e89-458a3d9b0529,agriculture.skin,available,1.99,17.29,high,low,11,namesilo,,,29/09/2026 10:29
a8fd65d7-7472-4227-96bd-fda867b8241e,agriculture.theatre,available,535.22,535.22,high,low,11,dynadot,,,29/09/2026 10:29
bf1b5efb-7550-4b0e-b02b-ef83f8a49fa9,agriculture.link,premium,750.2,,high,low,11,unstoppable,,,29/09/2026 10:29
c4f8deea-3aa9-46b8-be66-f28b7bda7058,agriculture.contact,resell,,,high,low,11,,,,29/09/2026 10:29
84c2034d-d526-45f6-a655-98e0f25f0b0e,farming.art,premium,291.2,83.3,high,low,7,namesilo,,,17/08/2026 22:33
953ddfb6-a65e-4983-b451-1a980e890c42,agriculture.quest,resell,,,high,low,11,,,,29/09/2026 10:29
e13c166a-0d9c-4c03-b66d-137754fb075a,agriculture.run,resell,,,high,low,11,,,,29/09/2026 10:29
7e9e01af-aadf-440e-8ce1-ef4785aed28a,farming.delivery,available,2.98,79.98,high,low,7,namecheap,,,17/08/2026 22:33
c54a69fe-a930-4f90-88fb-0727a554e2f7,agriculture.rodeo,available,10.2,10.2,high,low,11,cloudflare,,,29/09/2026 10:29
b71cdc58-030f-4bcb-a04d-7c5d62bbcef1,farming.villas,available,19.99,80.99,high,low,7,name.com,,,17/08/2026 22:33
6416d996-2de1-4ebf-829b-cd3f6e1d720c,agriculture.food,available,5.49,39.99,high,low,11,namesilo,,,29/09/2026 10:29
a89e1db2-7b43-4201-b97f-dce9adf4d624,farming.work,resell,,,high,low,7,"Global Domains International, Inc. DBA DomainCostClub.com",07/04/2017 16:38,07/04/2027 16:38,27/09/2026 06:54
4221c558-5d28-4763-be80-eea558915253,farming.vana,available,2298,2498,high,low,7,namecheap,,,17/08/2026 22:33
2a72c15a-279d-4778-be40-8bfb0ef5eb05,farming.enterprises,available,5.99,50.99,high,low,7,name.com,,,17/08/2026 22:33
939c442f-556b-4719-a30e-51f550be741d,farming.pizza,available,5.98,83.98,high,low,7,namecheap,,,17/08/2026 22:33
96ef30cc-2ff7-416f-a685-935efb297c9d,agriculture.online,resell,,,high,low,11,,,,29/09/2026 10:29
680b3194-d024-4f15-bb55-41e6836253f6,farming.shiksha,available,11.98,69.98,high,low,7,namecheap,,,17/08/2026 22:33
511e3618-768e-48da-9d87-53750cacedc2,agriculture.movie,available,36.43,279.65,high,low,11,spaceship,,,29/09/2026 10:29
9a86be98-8436-4e86-bde2-abcd28d77ed4,agriculture.dentist,available,51.95,51.95,high,low,11,spaceship,,,29/09/2026 10:29
ce947e7e-2e52-40d6-b43b-d3a9e1879df5,farming.bingo,available,14.99,77.99,high,low,7,name.com,,,17/08/2026 22:33
9deccd81-3c45-426f-8662-4863d33302fc,farming.tours,available,5.98,81.98,high,low,7,namecheap,,,17/08/2026 22:33
d917686e-cca2-4839-b92a-7d13ae8d32e9,agriculture.ryukyu,available,17.98,22.98,high,low,11,namecheap,,,29/09/2026 10:29
88db9565-57f0-48c9-82d7-fd40a932cb01,farming.dentist,available,63.98,81.98,high,low,7,namecheap,,,17/08/2026 22:33
23bfd8c0-7bbf-4286-b140-8d437a32cd46,agriculture.jetzt,available,23.99,23.99,high,low,11,namesilo,,,29/09/2026 10:29
b0ebb42c-78b7-4505-95ca-9e5d6a9a7b9b,agriculture.cafe,available,7.25,51.99,high,low,11,namesilo,,,29/09/2026 10:29
a5840783-1322-41b5-940c-ef62caf9136f,farming.wedding,available,32.49,32.49,high,low,7,namesilo,,,17/08/2026 22:33
c34112f3-e7b9-405d-b24b-2ffe5aca32cd,agriculture.graphics,available,19.05,19.05,high,low,11,porkbun,,,29/09/2026 10:29
758e48d8-1d44-49fb-81d1-e1129de39a64,agriculture.moda,available,41.99,41.99,high,low,11,namesilo,,,29/09/2026 10:29
7b5e8ea8-c068-4fee-9ba7-40ee6c730e2c,farming.apartments,available,19.99,83.99,high,low,7,name.com,,,17/08/2026 22:33
ac382178-a3ff-4937-a26b-c9831ba70456,agriculture.financial,premium,,,high,low,11,,,,29/09/2026 10:29
1aca87db-9c3b-4839-8a7f-11fbabbbd750,agriculture.chat,resell,,,high,low,11,,,,29/09/2026 10:29
6abb7bc2-f8cf-4b4b-a22e-3ce54d299a9a,farming.yachts,available,1.8,19.98,high,low,7,namecheap,,,17/08/2026 22:33
062f8899-1049-4f24-907c-7417d22a5fdb,agriculture.reisen,available,21.98,28.98,high,low,11,namecheap,,,29/09/2026 10:29
e5f5e8fa-2f6f-4c75-8ae0-04965b73ebf4,farming.photos,available,8.98,40.98,high,low,7,namecheap,,,17/08/2026 22:33
f66796d2-4a4e-4fef-a7a6-5b325f660f12,agriculture.wedding,available,26.26,26.26,high,low,11,porkbun,,,29/09/2026 10:29
b98b290d-8671-4d18-9d9a-fd13fe6662a0,agriculture.archi,available,18.5,,high,low,11,unstoppable,,,29/09/2026 10:29
1597ec84-a212-4c95-8977-ef9b8d3b409e,farming.dating,available,12.98,86.98,high,low,7,namecheap,,,17/08/2026 22:33
07c293dd-f567-43bb-af48-dc7b51345afa,farming.cafe,available,5.98,64.98,high,low,7,namecheap,,,17/08/2026 22:33
56a1c0d6-5d70-4d5d-8ee1-d17ba663fc7c,agriculture.film,premium,116,116,high,low,11,namesilo,,,29/09/2026 10:29
4fe81a51-f29c-4ae3-96c5-04b308f0a326,agriculture.army,available,18.99,39.99,high,low,11,namesilo,,,29/09/2026 10:29
ea50cd49-69fe-48b9-9883-d343c9ffe45f,agriculture.fan,available,43.67,43.67,high,low,11,spaceship,,,29/09/2026 10:29
968f51df-b61c-4b29-baec-afdc45dfa186,agriculture.theater,available,65.99,65.99,high,low,11,namesilo,,,29/09/2026 10:29
c2394374-8ce4-421e-b425-e860df7fec46,agriculture.dental,available,78.99,78.99,high,low,11,namesilo,,,29/09/2026 10:29
0476b746-61b5-44a2-9849-ab49be3f5700,farming.business,premium,118.8,118.8,high,low,7,namesilo,,,17/08/2026 22:33
dd4142c4-e7e4-41eb-867a-016fb990614f,farming.ski,available,39.99,86.99,high,low,7,name.com,,,17/08/2026 22:33
944628d0-a3d5-449d-bee9-d8a4745947aa,farming.glass,available,72.99,72.99,high,low,7,namesilo,,,17/08/2026 22:33
7687aa26-7db1-4e4c-9056-cca52ac8250f,farming.pw,premium,74.92,149.83,high,low,7,name.com,,,17/08/2026 22:33
505045ca-df1b-43da-911f-c9cc0b91a05d,agriculture.gives,available,14.99,23.99,high,low,11,namesilo,,,29/09/2026 10:29
64a15e01-3832-46c9-8fa3-3f9a18f36f24,agriculture.charity,available,5.99,22.66,high,low,11,porkbun,,,29/09/2026 10:29
c27f6567-e100-47ce-8ea0-4b295de55df8,farming.fishing,available,32.49,32.49,high,low,7,namesilo,,,17/08/2026 22:33
1639111b-5e11-498a-8b7f-38775e84ac8b,agriculture.equipment,resell,,,high,low,11,,,,29/09/2026 10:29
4752c2ce-c9a4-46ac-b2b0-96baa3522fef,agriculture.spot,premium,116,116,high,low,11,namesilo,,,29/09/2026 10:29
184d2dcc-0776-49b6-a354-73f742eadced,farming.vision,resell,,,high,low,7,Tucows Domains Inc.,30/07/2020 09:20,30/07/2027 09:20,26/09/2026 06:01
4f42195a-c220-4c6c-9aac-b3d67630b1b9,agriculture.house,available,12.98,55.98,high,low,11,namecheap,,,29/09/2026 10:29
d1eac793-b360-4fdc-8da0-d5cc57a08ef7,farming.discount,available,7.99,43.99,high,low,7,name.com,,,17/08/2026 22:33
1ac6bdec-d7de-40b1-9c47-381ec3f7778b,farming.luxury,available,49.99,49.99,high,low,7,name.com,,,17/08/2026 22:33
ca756ab9-97d2-451a-9da9-3e49ee100b6f,farming.mba,available,11.98,49.98,high,low,7,namecheap,,,17/08/2026 22:33
e9c53801-5d68-45ec-ae59-2d0c508724cb,agriculture.webcam,premium,517.7,67.48,high,low,11,spaceship,,,29/09/2026 10:29
0cd85739-906b-426e-ba89-846e8b882320,agriculture.talk,premium,66.02,66.02,high,low,11,porkbun,,,29/09/2026 10:29
c478aa1a-27fe-45ba-8ee1-08abea43bf72,agriculture.berlin,available,79.98,89.98,high,low,11,namecheap,,,29/09/2026 10:29
47a437e3-cd67-4666-a243-0fde95b73705,farming.immobilien,available,14.99,48.99,high,low,7,name.com,,,17/08/2026 22:33
54a408ce-1bcf-4741-8656-045b69d028af,agriculture.holdings,premium,108.9,108.9,high,low,11,dynadot,,,29/09/2026 10:29
c328d812-911a-4401-a6fc-cae294218822,agriculture.delivery,available,6.75,61.99,high,low,11,namesilo,,,29/09/2026 10:29
8bd53ab7-66b6-4b0d-9eae-6c1f6ca2f2ad,agriculture.site,premium,3450,3450,high,low,11,namesilo,,,29/09/2026 10:29
caf5165c-192e-4222-bc21-cfa6722b9cfd,agriculture.sbs,premium,63.25,126.5,high,low,11,dynadot,,,29/09/2026 10:29
4c04c556-9439-4eae-9b7f-abdeaaf40a3f,farming.red,available,9.48,28.48,high,low,7,namecheap,,,27/09/2026 06:52
7955d2a9-74a9-4b28-9b4c-bf6a9533be79,farming.contractors,available,9.99,45.99,high,low,7,name.com,,,17/08/2026 22:33
067a85c7-5106-4c74-b047-e426714f48e1,agriculture.dad,premium,76.7,76.7,high,low,11,namecheap,,,29/09/2026 10:29
a9a14059-87b3-4a4a-beb4-4e3a4b068459,farming.sex,available,69.98,154.98,high,low,7,namecheap,,,17/08/2026 22:33
adce20a0-4c84-45e1-a72b-11dae54c243b,agriculture.republican,available,7.49,28.99,high,low,11,namesilo,,,29/09/2026 10:29
649a3986-7c02-457a-9767-fa091d50cc12,agriculture.pink,available,5.89,20.9,high,low,11,spaceship,,,29/09/2026 10:29
fa2629bf-31b4-4590-a9ed-60c1ace34bd3,farming.healthcare,available,88.99,88.99,high,low,7,namesilo,,,17/08/2026 22:33
63e63d11-e06f-4ac7-ad6c-f0bfee545c39,farming.press,premium,156.25,312.5,high,low,7,name.com,,,17/08/2026 22:33
f9bfbf64-ff7c-45d5-bdd9-d7190b7572fb,agriculture.shopping,available,26.99,26.99,high,low,11,namesilo,,,29/09/2026 10:29
732f991c-3f78-4a56-9356-deda50b8ec40,agriculture.salon,available,57.99,57.99,high,low,11,namesilo,,,29/09/2026 10:29
0932867d-e05c-4ac3-a819-c6525e325214,agriculture.business,resell,,,high,low,11,,,,29/09/2026 10:29
039a32f8-fc2f-4dbf-a823-c4db005e6a5c,agriculture.cv,premium,1042.76,7.76,high,low,11,spaceship,,,29/09/2026 10:29
b5a77b14-b9f1-41c1-9c14-ff9b0350d782,agriculture.free,premium,103.7,103.7,high,low,11,spaceship,,,29/09/2026 10:29
076b9059-d0c4-40f6-9675-88adde63830e,agriculture.christmas,available,1.24,31.16,high,low,11,spaceship,,,29/09/2026 10:29
195a0bb0-3a51-413e-b332-2506383fa076,farming.london,available,12.98,41.98,high,low,7,namecheap,,,17/08/2026 22:33
f7186d35-d3f1-42de-8a9b-d50c62dbefda,agriculture.cars,available,1999.99,2199,high,low,11,namesilo,,,29/09/2026 10:29
b325a120-565c-448e-9e0d-e4f17f1658ed,agriculture.xxx,resell,,,high,low,11,,,,29/09/2026 10:29
d07220cd-a157-4cda-8ef5-43c8cd937d87,farming.poker,available,5.98,85.98,high,low,7,namecheap,,,17/08/2026 22:33
ec311329-072d-4e79-ac13-b3b7f8d267a5,farming.desi,available,19.98,22.98,high,low,7,namecheap,,,17/08/2026 22:33
429fec51-ebe8-4118-ab9b-4bc8d9f5fa47,agriculture.gg,available,51.6,51.6,high,low,11,spaceship,,,29/09/2026 10:29
11438a1c-2aaa-4c46-91da-a307ba2228a7,agriculture.so,available,64.98,,high,high,11,namecheap,,,
7e3d29ec-8485-4b02-a552-35be052be92e,farming.blue,available,19.99,24.99,high,low,7,namesilo,,,27/09/2026 06:56
1f241351-a85e-4387-a313-84c09805491b,farming.cooking,available,32.49,32.49,high,low,7,namesilo,,,17/08/2026 22:33
e3f6a474-b097-4f49-bc73-2ea467606d13,farming.contact,available,13.98,16.78,high,low,7,namecheap,,,17/08/2026 22:33
e09d2371-ff9c-4a9b-8942-9d0a2d2170f4,farming.taxi,available,8.98,69.98,high,low,7,namecheap,,,17/08/2026 22:33
f6144164-0731-4f3d-8fcc-2d8426cb0b57,farming.racing,premium,116,116,high,low,7,namesilo,,,17/08/2026 22:33
b527c049-8113-40c9-8fcc-ccf4d9f01f10,agriculture.tips,available,11.59,25.04,high,low,11,spaceship,,,29/09/2026 10:29
6be5165e-6aec-4b55-b68f-52ed3ef8face,farming.guitars,available,104.99,114.99,high,low,7,namesilo,,,17/08/2026 22:33
de7e9fbd-c87e-46ca-b55b-7f76eb194b89,agriculture.memorial,available,41.6,41.6,high,low,11,spaceship,,,29/09/2026 10:29
a765bb48-fa87-42f8-aa86-27e059649e1b,farming.ac,available,28.98,76.98,high,low,7,namecheap,,,17/08/2026 22:33
22d542da-d49a-4700-be06-452f21c8c186,agriculture.marketing,premium,68.51,68.51,high,low,11,spaceship,,,29/09/2026 10:29
a49efc76-a13c-4820-ac14-989854b77143,farming.site,premium,781.25,3125,high,low,7,name.com,,,17/08/2026 22:33
c9c4f6c9-fdfc-4a9b-9ac0-9a917cbe3aa3,agriculture.domains,available,42.99,42.99,high,low,11,namesilo,,,29/09/2026 10:29
80eee099-3bbf-46a3-acb9-ca29210bc9e2,agriculture.democrat,available,5.38,26.08,high,low,11,spaceship,,,29/09/2026 10:29
e1f6cfb2-3400-436f-a717-fd8737aa2565,agriculture.sydney,premium,154.35,154.35,high,low,11,dynadot,,,29/09/2026 10:29
83e7562a-1621-4dbe-b5dd-22b6435bd712,farming.trading,available,19.99,19.99,high,low,7,name.com,,,17/08/2026 22:33
6b3e2eee-84b0-4e7f-91fe-ebee0ebbe05b,agriculture.blackfriday,available,114.99,114.99,high,low,11,namesilo,,,29/09/2026 10:29
f184e0e4-3ce0-4972-81d4-fcbc7bf1b12a,agriculture.vision,premium,102.67,102.67,high,low,11,spaceship,,,29/09/2026 10:29
6cb14299-3a07-4abf-b3ea-23ee7b9e0e9e,agriculture.auction,premium,207.2,207.2,high,low,11,spaceship,,,29/09/2026 10:29
9744467b-bc42-4fce-97be-7d8de6578de7,agriculture.haus,available,13.5,,high,low,11,unstoppable,,,29/09/2026 10:29
857b91e1-6482-4c56-b312-d37b3e0b65a7,agriculture.homes,resell,,,high,low,11,,,,29/09/2026 10:29
1c9ae6c7-514c-4f84-9be4-688f8c006851,agriculture.party,available,5.25,6.25,high,low,11,namesilo,,,29/09/2026 10:29
eed5fa17-91b1-4c49-b8c2-f876bc04a2b0,agriculture.center,premium,85.8,85.8,high,low,11,namecheap,,,29/09/2026 10:29
42b430e0-d05a-4671-b6c5-5bade0fccdf6,agriculture.racing,available,11.99,11.99,high,low,11,namesilo,,,29/09/2026 10:29
5d5d54bb-9e76-46ab-965e-9504253d1dfe,farming.flights,available,23.98,75.98,high,low,7,namecheap,,,17/08/2026 22:33
bef68185-9b37-4bb2-a9a2-867a1118faee,farming.deals,available,5.99,50.99,high,low,7,name.com,,,17/08/2026 22:33
b407a5dd-e338-4a5f-b21e-da8970215331,agriculture.cfd,premium,59.71,119.23,high,low,11,spaceship,,,29/09/2026 10:29
d7299068-13b6-4ced-9454-a1fe130cb6d5,agriculture.catering,available,38.99,38.99,high,low,11,namesilo,,,29/09/2026 10:29
d70332f5-2734-4a0a-a7bb-1d6e2ab1a636,farming.motorcycles,available,1.8,19.98,high,low,7,namecheap,,,17/08/2026 22:33
e8817fa0-4cca-4f74-b971-34b8b7ff3e56,agriculture.giving,premium,207.2,207.2,high,low,11,spaceship,,,29/09/2026 10:29
74301ebc-437f-4454-b82a-0ef135e82666,agriculture.channel,premium,61.27,61.27,high,low,11,spaceship,,,29/09/2026 10:29
819724fc-e97e-499f-bb1b-2aa0d7d70a20,farming.irish,available,5.98,31.98,high,low,7,namecheap,,,17/08/2026 22:33
e92deceb-5879-413e-88da-9803ee3da10e,farming.haus,available,11.98,37.98,high,low,7,namecheap,,,17/08/2026 22:33
119c9861-2ed7-4e0a-b193-56e0745d6a60,agriculture.ac,available,34.99,47.99,high,low,11,namesilo,,,29/09/2026 10:29
011faf92-7819-4219-9005-0d839e2b92ef,agriculture.law,resell,,,high,low,11,,,,29/09/2026 10:29
e1c64245-23ef-4457-af77-4b3513210e92,agriculture.pictures,resell,,,high,low,11,,,,29/09/2026 10:29
d5305f8a-7d55-4ee7-970b-9e5e18710545,agriculture.boats,available,1.24,13.97,high,low,11,spaceship,,,29/09/2026 10:29
6fa9c237-84aa-479e-9407-9f0b039e9943,agriculture.store,premium,2500.2,3125,high,low,11,unstoppable,,,29/09/2026 10:29
280d4a85-745d-4128-a694-0b8c01f0719e,agriculture.claims,available,17.99,64.99,high,low,11,namesilo,,,29/09/2026 10:29
00f31400-bf8d-48b7-9730-095d433b6593,farming.reisen,available,3.99,20.99,high,low,7,namesilo,,,17/08/2026 22:33
bef0ff25-e66b-432f-87f2-532eb96ef62d,agriculture.watch,premium,102.67,102.67,high,low,11,spaceship,,,29/09/2026 10:29
db28b850-daa8-4a00-907f-52165658310e,agriculture.place,available,22.98,30.98,high,low,11,namecheap,,,29/09/2026 10:29
7dc9e55b-a4c4-46ac-8e1b-b3538b37a885,agriculture.broker,available,10.55,29.18,high,low,11,spaceship,,,29/09/2026 10:29
d081f7e4-c325-4114-95d2-0cc15c6f379a,agriculture.pub,available,32.29,32.29,high,low,11,spaceship,,,29/09/2026 10:29
8fa3507b-b40e-428f-85af-3f322411800d,agriculture.sh,available,32.1,48.15,high,low,11,dynadot,,,29/09/2026 10:29
628e1c13-bd39-4149-8790-e51a7d940c34,farming.equipment,premium,118.8,118.8,high,low,7,namesilo,,,17/08/2026 22:33
b00c4a77-ed7d-4eef-8ad2-c9f9408a6610,agriculture.yachts,available,1.99,17.29,high,low,11,namesilo,,,29/09/2026 10:29
0d01eccc-eb52-482d-a041-46774393a03a,farming.cloud,resell,189.75,39.99,high,low,7,"Dynadot, LLC",29/04/2026 05:10,29/04/2027 05:10,26/09/2026 06:01
7967516c-90b7-4e20-b42b-8877efd8dc63,farming.technology,resell,,,high,low,7,Dynadot Inc,27/03/2021 02:20,27/03/2027 02:20,26/09/2026 06:01
5079ed10-3dc2-4df6-8565-11cd7bb5b40e,agriculture.city,available,7,,high,low,11,unstoppable,,,29/09/2026 10:29
11da5cd0-b6a7-4812-9def-d365cff734fa,agriculture.healthcare,available,88.99,88.99,high,low,11,namesilo,,,29/09/2026 10:29
407dab58-53f6-4231-a5f0-14942b2693b5,farming.xyz,resell,,,high,low,7,"GoDaddy.com, LLC",02/06/2014 17:07,02/06/2027 23:59,26/09/2026 06:01
9b65d3d9-3d08-44df-a1fa-a92f6c2bf68a,agriculture.clothing,available,32.99,32.99,high,low,11,namesilo,,,29/09/2026 10:29
5e8abe61-d1d4-4e82-964b-4455ee7b3fa8,agriculture.cyou,premium,68.43,147.2,high,low,11,namesilo,,,29/09/2026 10:29
5a22db58-e6d3-47fa-9d2c-58de1537c7ae,farming.care,available,10.98,59.98,high,low,7,namecheap,,,17/08/2026 22:33
46e43490-4f3d-482b-9ffc-7e602d5f1e7a,agriculture.fishing,premium,96,29.5,high,low,11,namesilo,,,29/09/2026 10:29
9b07a29a-a5a6-4631-88e3-8c40eb83f3fc,farming.qpon,available,1.99,27.99,high,low,7,name.com,,,17/08/2026 22:33
c184c328-f367-4f7e-8a88-ecc8463dc1f9,farming.republican,available,5.98,43.98,high,low,7,namecheap,,,17/08/2026 22:33
f3a367ed-d26f-43ba-b9b9-fc37e3562339,agriculture.repair,available,28.2,28.2,high,low,11,cloudflare,,,29/09/2026 10:29
cbc404ae-b38e-46f6-ac3f-4a4025a9b47c,farming.pink,available,6.48,31.48,high,low,7,namecheap,,,17/08/2026 22:33
74947e3f-0d28-4cfb-a526-7174d18df1f8,farming.fyi,premium,17.7,17.7,high,low,7,namesilo,,,17/08/2026 22:33
47264208-3420-4ca5-87ff-c82c6a81cb13,agriculture.vote,available,34.99,90.99,high,low,11,namesilo,,,29/09/2026 10:29
c5f78815-8c2c-42f4-8638-dc87f3b040f1,farming.democrat,available,5.98,41.48,high,low,7,namecheap,,,17/08/2026 22:33
d93747ce-3e41-4d99-9f44-26d7f90594fb,agriculture.rehab,premium,207.2,207.2,high,low,11,spaceship,,,29/09/2026 10:29
42328145-0825-4438-96b2-ef6138804287,agriculture.boo,premium,,,high,low,11,,,,29/09/2026 10:29
1aecd955-8efd-4d3b-81c0-3015a7740640,agriculture.guitars,available,108.98,159.98,high,low,11,namecheap,,,29/09/2026 10:29
abbf6ee5-3c42-4b10-aae4-b0606f783b27,agriculture.kitchen,available,8.24,53.72,high,low,11,dynadot,,,29/09/2026 10:29
a603cdde-9514-4517-9962-90830b5892dc,farming.fans,premium,65,130,high,low,7,namecheap,,,17/08/2026 22:33
8695e912-3a71-4fc0-a23e-bce5322e9030,farming.gift,available,14.99,14.99,high,low,7,namesilo,,,17/08/2026 22:33
46931d37-eef5-4d5f-b209-3eadba081c07,agriculture.singles,available,9.49,33.99,high,low,11,namesilo,,,29/09/2026 10:29
13f06f29-343b-4154-8614-fea0a9bb187e,agriculture.hosting,available,300.2,300.2,high,low,11,cloudflare,,,29/09/2026 10:29
57d3e6d8-7ec2-4cb8-a5ff-369d4c9a268d,agriculture.legal,available,71.99,71.99,high,low,11,namesilo,,,29/09/2026 10:29
0303bab1-df2e-4383-81b1-5f3b25562367,agriculture.tattoo,available,34.99,34.99,high,low,11,namesilo,,,29/09/2026 10:29
a971c198-f69f-4f14-8528-f3455dc335ab,farming.jewelry,available,19.99,84.99,high,low,7,name.com,,,17/08/2026 22:33
80e87d04-5c8d-4110-9151-fc10d3ce90c7,farming.shoes,available,34.98,81.98,high,low,7,namecheap,,,17/08/2026 22:33
d23d8c79-bb60-4631-9583-3fde85a585c7,farming.clothing,available,32.99,32.99,high,low,7,namesilo,,,27/09/2026 06:41
5a2ccdb7-ffcf-434b-a72b-27941dbef67c,agriculture.page,premium,70.21,70.21,high,low,11,namesilo,,,29/09/2026 10:29
2f478538-43e8-49b5-a450-3556853f7126,agriculture.zone,premium,102.67,102.67,high,low,11,spaceship,,,29/09/2026 10:29
664410f3-6065-4291-b6ae-f83c5e3edd47,farming.catering,available,38.99,38.99,high,low,7,namesilo,,,17/08/2026 22:33
667d0e65-9a64-44eb-9100-b30c0fcb0816,agriculture.desi,available,19.98,22.98,high,low,11,namecheap,,,29/09/2026 10:29
fc48a3f5-6b7f-481e-8886-f453a89ac90c,farming.icu,premium,68.43,147.2,high,low,7,namesilo,,,17/08/2026 22:33
5ea3e7d5-8149-4e34-8787-92a715901188,agriculture.baby,available,1.8,81.98,high,low,11,namecheap,,,29/09/2026 10:29
f07b2192-0496-4f7e-8758-e9b3c63bad2b,agriculture.consulting,premium,242,242,high,low,11,namesilo,,,29/09/2026 10:29
c1e214a4-5b87-48dd-a113-73343e30f29c,farming.dealer,premium,2015,2600,high,low,7,namecheap,,,17/08/2026 22:33
858bb1fc-3084-418b-8c13-f540b87831db,agriculture.community,premium,220,220,high,low,11,dynadot,,,29/09/2026 10:29
e7de4c30-4619-4b4c-bdc3-d7566d125138,agriculture.market,premium,218.8,437.19,high,low,11,porkbun,,,29/09/2026 10:29
4ba333ad-1517-4985-b2b6-7020230b1118,farming.channel,premium,73.75,73.75,high,low,7,name.com,,,17/08/2026 22:33
edcf3077-9818-4fc1-8ff4-182c784e7478,farming.school,resell,,,high,low,7,Dynadot Inc,19/01/2026 17:00,19/01/2027 17:00,26/09/2026 06:01
b37bb8c9-e2f5-470b-8d9a-f45bff41a311,farming.download,premium,437.5,62.5,high,low,7,name.com,,,17/08/2026 22:33
e7284c9a-1c2a-4324-9e6f-128af175e21f,farming.yoga,available,32.49,32.49,high,low,7,namesilo,,,17/08/2026 22:33
03822cd3-4e8d-4f9b-9275-dad5f15ab058,agriculture.sale,premium,118.8,118.8,high,low,11,namesilo,,,29/09/2026 10:29
688e3267-a998-4bf7-a159-6ea2c4eca186,agriculture.tennis,available,65.99,65.99,high,low,11,namesilo,,,29/09/2026 10:29
d153e850-b898-4a9d-bcaa-7b821a4cff79,farming.global,premium,5000,62.5,high,low,7,name.com,,,17/08/2026 22:33
c025a8d4-7878-4ffb-9b83-dceaa93f2f04,farming.house,available,12.98,55.98,high,low,7,namecheap,,,17/08/2026 22:33
f6d2493d-1930-4607-b4bb-af15a54576ec,agriculture.my,resell,,,high,low,11,,,,29/09/2026 10:29
e5f4ad43-1f05-4b33-81ef-ec660c3f3746,agriculture.express,available,12.49,39.99,high,low,11,namesilo,,,29/09/2026 10:29
6615240e-fb25-4114-94cb-0910fce32106,agriculture.construction,available,31.25,31.25,high,low,11,spaceship,,,29/09/2026 10:29
531075db-016b-469e-b611-254c22f126fb,agriculture.music,available,38.5,38.5,high,low,11,spaceship,,,29/09/2026 10:29
408e811c-4c8e-421e-a09f-2d5e25ef5c07,farming.zip,premium,311.25,311.25,high,low,7,name.com,,,17/08/2026 22:33
ceeeb2d9-e1c4-4d46-8e8f-185d34b4bb06,farming.careers,premium,500,500,high,low,7,name.com,,,17/08/2026 22:33
b6f4e59f-1b88-44d9-847e-6961d49307f2,farming.ltda,premium,56.64,33.04,high,low,7,namesilo,,,17/08/2026 22:33
fcd03a92-822d-4a62-be92-f996bf4c202e,farming.new,available,488.98,601.98,high,low,7,namecheap,,,17/08/2026 22:33
163de1a5-c4d4-4714-8910-6080d3145f86,agriculture.bike,available,5.38,31.25,high,low,11,spaceship,,,29/09/2026 10:29
ef259cca-1263-476d-a038-16133f9e42d3,farming.blackfriday,available,114.99,114.99,high,low,7,namesilo,,,17/08/2026 22:33
2d5659c3-d1de-4f90-a348-3cf3588dbddb,farming.education,available,34.99,34.99,high,low,7,namesilo,,,17/08/2026 22:33
8f332e0d-4b33-48d3-ba77-b4f249668171,farming.cc,resell,,,high,low,7,Dynadot Inc,20/04/2021 08:00,20/04/2027 08:00,26/09/2026 06:01
cf765cd9-f10e-4bd5-bb69-08b13eaac12a,farming.you,premium,53.92,53.92,high,low,7,namesilo,,,17/08/2026 22:33
f215e0b1-db0d-4e01-9cc0-fc792244afc7,agriculture.ski,available,50.2,50.2,high,low,11,cloudflare,,,29/09/2026 10:29
306f9932-5f73-470d-be68-7637fe9d6da0,farming.it,resell,,,high,low,7,,22/01/2024 09:00,22/01/2027 00:00,26/09/2026 06:01
a07c07e3-eff5-4fea-8740-39fb97724787,agriculture.bio,premium,854,854,high,low,11,namesilo,,,29/09/2026 10:29
2e05aa90-a4a8-48f1-9e04-904d356be2c7,agriculture.supply,resell,,,high,low,11,,,,29/09/2026 10:29
feefcd5d-5c6e-4cfb-a0a6-05716d862daf,agriculture.observer,premium,11.8,11.8,high,low,11,namesilo,,,29/09/2026 10:29
9657cd23-e093-4bb3-b8ae-ea1f1f5b4e3a,agriculture.credit,resell,,,high,low,11,,,,29/09/2026 10:29
d4f194fd-66c2-49c6-9862-6528ab141636,farming.engineer,available,17.99,56.99,high,low,7,name.com,,,17/08/2026 22:33
e7df3772-50e7-4e85-8a9b-d77c2cf38004,farming.car,available,1999.99,2199,high,low,7,namesilo,,,17/08/2026 22:33
e10125c8-61b9-491a-99cc-eb82942cc410,agriculture.top,premium,341.12,341.12,high,low,11,porkbun,,,29/09/2026 10:29
d174311d-67e1-4223-b724-9a1ba5ef04a4,agriculture.mba,available,17.99,39.99,high,low,11,namesilo,,,29/09/2026 10:29
ddf0f960-f9d7-495e-98ce-5b05bd7a9469,agriculture.flights,available,58.99,58.99,high,low,11,namesilo,,,29/09/2026 10:29
78f1c6ea-0cc2-4a6f-9819-4cf7b76d5813,agriculture.report,resell,,,high,low,11,,,,29/09/2026 10:29
ee049a78-f7a5-4236-83fb-1f80d474123f,farming.xxx,available,69.98,154.98,high,low,7,namecheap,,,17/08/2026 22:33
58c1d886-06bd-488a-9957-1b34ec0a2e7b,agriculture.science,premium,640,77.35,high,low,11,namesilo,,,29/09/2026 10:29
2f556db6-2e40-4988-a4fb-ee95ea34ea7d,agriculture.accountant,available,23.59,23.59,high,low,11,namesilo,,,29/09/2026 10:29
c9afa515-a401-46a4-9f34-dd544fb1d56d,agriculture.tienda,available,59.99,59.99,high,low,11,namesilo,,,29/09/2026 10:29
32e4cea3-bb3b-46be-84ba-2e2b9e872bf3,agriculture.cricket,available,23.59,23.59,high,low,11,namesilo,,,29/09/2026 10:29
698006ff-9e9c-46e9-9346-78c35f74884c,farming.actor,available,16.99,44.49,high,low,7,namesilo,,,27/09/2026 06:55
a844a9c2-a957-41d1-ace9-a79065597591,agriculture.red,resell,,,high,low,11,,,,29/09/2026 10:29
ec23a3c2-bf4c-4116-b431-1de796fda17a,farming.coach,available,11.98,95.98,high,low,7,namecheap,,,17/08/2026 22:33
954b8711-241c-4e3a-960a-c2728604a666,agriculture.ceo,premium,254.72,254.72,high,low,11,namesilo,,,29/09/2026 10:29
e4dc3af5-fe82-4237-a5da-54d12b235736,agriculture.systems,premium,102.67,102.67,high,low,11,spaceship,,,29/09/2026 10:29
02f47a09-a4b9-41f9-930f-1b0b7bf3071a,agriculture.ing,premium,,,high,low,11,,,,29/09/2026 10:29
0a9adf4f-4317-4668-b338-c857038fdbf9,agriculture.engineer,premium,1035.2,1035.2,high,low,11,spaceship,,,29/09/2026 10:29
472b4277-b7a5-42fe-b9ef-f57d53c60920,agriculture.diamonds,available,43.67,43.67,high,low,11,spaceship,,,29/09/2026 10:29
07b76a28-8b37-40a9-81b7-939e0b997f9e,agriculture.london,premium,63.09,31.28,high,low,11,namesilo,,,29/09/2026 10:29
181cf61f-b95a-49b8-94ab-1bfce973ce8a,agriculture.schule,available,22.97,22.97,high,low,11,spaceship,,,29/09/2026 10:29
5126e129-3afa-479e-b2f7-3301839e9c9a,farming.plumbing,available,14.99,94.99,high,low,7,name.com,,,17/08/2026 22:33
7363e514-c6be-4c3f-bdd4-b52ae3382aed,agriculture.xyz,resell,,,high,low,11,"GoDaddy.com, LLC",02/06/2014 16:44,02/06/2027 23:59,29/09/2026 10:29
d896e4c1-732e-4bef-86d1-6c539f49e9a2,farming.forsale,premium,118.8,118.8,high,low,7,namesilo,,,17/08/2026 22:33
c682d4ed-98a8-4a4e-a138-5083110ff7b3,agriculture.prof,premium,92.32,92.32,high,low,11,spaceship,,,29/09/2026 10:29
ea64cc67-1efd-492d-83ad-92cb0a252431,agriculture.partners,available,7.71,59.07,high,low,11,dynadot,,,29/09/2026 10:29
2b2dcae8-065d-4594-90a5-998b3794e2d0,farming.accountants,available,43.99,153.99,high,low,7,name.com,,,17/08/2026 22:33
49125935-2f12-4ec5-9396-dd39a1aaea7b,farming.ong,available,16.99,16.99,high,low,7,name.com,,,17/08/2026 22:33
f413d6ea-8b46-463e-9db2-2d9f559cb7c2,farming.stream,available,5.25,6.25,high,low,7,namesilo,,,17/08/2026 22:33
0baa0906-1465-4f6f-bcbf-55cc91a8379a,agriculture.cruises,available,44.71,44.71,high,low,11,spaceship,,,29/09/2026 10:29
6e7d19e7-cc9e-495f-9bb5-b9d8b8b6ddbc,farming.cyou,premium,68.43,147.2,high,low,7,namesilo,,,17/08/2026 22:33
8ae71e46-124e-4e44-a5e4-593b0a82186c,agriculture.condos,available,46.78,46.78,high,low,11,spaceship,,,29/09/2026 10:29
e5a22b23-9bc7-4ca7-aa70-dc1a650a09b2,farming.soccer,available,19.99,37.99,high,low,7,name.com,,,17/08/2026 22:33
c107c757-d0f5-4f92-882f-c833683e5e05,agriculture.doctor,available,5.38,93.35,high,low,11,spaceship,,,29/09/2026 10:29
cbfa87e9-f527-49bf-a1c3-142213134310,agriculture.expert,premium,512,512,high,low,11,namesilo,,,29/09/2026 10:29
108e9e72-6e90-4e5c-8f38-198a07b99906,farming.hiv,available,184.99,184.99,high,low,7,name.com,,,17/08/2026 22:33
c38579f1-7e5b-464e-aa4b-eb17003841c5,farming.in,resell,,,high,low,7,"Dynadot, LLC",24/03/2011 20:00,24/03/2027 20:00,26/09/2026 06:01
5456f3ee-e5b9-4541-858a-c20be35e6d63,farming.pictures,available,14.99,18.99,high,low,7,name.com,,,17/08/2026 22:33
f45280a4-8a95-4bc3-b0eb-5eee631d6737,farming.webcam,premium,625,81.25,high,low,7,name.com,,,17/08/2026 22:33
ce7b98b2-b886-494d-9cd5-b54ab990b302,agriculture.futbol,available,5.38,13.66,high,low,11,spaceship,,,29/09/2026 10:29
e7e95486-a0ec-49b3-8ba2-6d06958b9d14,farming.fit,resell,,,high,low,7,"Spaceship, Inc.",03/07/2026 16:35,03/07/2027 16:35,26/09/2026 06:01
ab2e03a4-4015-42ab-9e6f-f435d5ab86d3,agriculture.tv,resell,,,high,low,11,,,,29/09/2026 10:29
d6386e12-c361-46f0-b7ec-8825eea0f1ce,agriculture.surgery,available,54.99,54.99,high,low,11,namesilo,,,29/09/2026 10:29
46c16f5f-3351-49a8-94e6-e2a2d7a01892,agriculture.school,resell,,,high,low,11,,,,29/09/2026 10:29
04e77c55-f2aa-439f-b9a5-c9ce7e04f6a9,farming.tel,premium,10.62,10.62,high,low,7,namesilo,,,17/08/2026 22:33
b49969d7-9a78-4dc7-83b1-04fe1d805cbc,farming.florist,available,14.99,46.99,high,low,7,name.com,,,17/08/2026 22:33
a533d212-7327-41ff-b676-b007de284f8d,farming.black,available,17.48,82.98,high,low,7,namecheap,,,17/08/2026 22:33
6f7e7073-576e-4245-afeb-cb9facddd895,agriculture.yoga,available,26.97,26.97,high,low,11,dynadot,,,29/09/2026 10:29
56dc95bc-fdc8-47fa-bd56-e7c942dfae55,farming.bet,available,8.98,35.98,high,low,7,namecheap,,,17/08/2026 22:33
670e92e1-eec3-4259-bc13-a5f5aff6256b,farming.bar,premium,157.5,225,high,low,7,name.com,,,17/08/2026 22:33
c4ed01ef-cf1f-440a-af49-264a44a0f1a1,agriculture.deal,premium,103.7,103.7,high,low,11,spaceship,,,29/09/2026 10:29
2f28e9cc-c731-4031-9e21-a99aa6a9d9d4,farming.lgbt,available,11.98,93.98,high,low,7,namecheap,,,17/08/2026 22:33
8fe9dca8-e34b-499a-a9b9-cc2d8d0657ae,farming.ngo,available,16.99,16.99,high,low,7,name.com,,,17/08/2026 22:33
114e8308-aeb0-4883-8eeb-40768eaae1f9,agriculture.audio,available,104.99,114.99,high,low,11,namesilo,,,29/09/2026 10:29
e507071e-516b-4ad3-83a1-2d3492a79294,agriculture.supplies,premium,68.51,68.51,high,low,11,spaceship,,,29/09/2026 10:29
bbcaeb71-2ac4-4094-8854-bc3037399293,agriculture.build,premium,,,high,low,11,,,,29/09/2026 10:29
b1ea9168-d874-4d0a-838e-3017e6e249cc,farming.voyage,available,9.99,83.99,high,low,7,name.com,,,17/08/2026 22:33
0b064d1d-e89f-4057-881b-6d2b1c5d4c82,agriculture.juegos,available,368.98,478.98,high,low,11,namecheap,,,29/09/2026 10:29
a6fce202-a036-4775-8afe-82b2d78fa44d,farming.skin,available,1.8,19.98,high,low,7,namecheap,,,17/08/2026 22:33
8550759a-85ad-4ed6-b55b-43b765bf69d3,agriculture.computer,available,23.99,38.99,high,low,11,namesilo,,,29/09/2026 10:29
7cb6f39c-e541-4e09-b012-3f9c820f1f1e,agriculture.cheap,available,28.2,28.2,high,low,11,cloudflare,,,29/09/2026 10:29
c35255be-e20a-4551-b938-a9da532d7214,agriculture.fitness,available,8.99,41.99,high,low,11,namesilo,,,29/09/2026 10:29
e5b468b3-cb25-47f0-908b-baf31a1796a9,agriculture.limo,available,54.99,54.99,high,low,11,namesilo,,,29/09/2026 10:29
95eac40e-dbea-46d5-82c0-c85387f874f5,farming.agency,resell,,,high,low,7,"Sav.com, LLC - 24",09/07/2026 15:15,09/07/2027 15:15,26/09/2026 06:01
04ae8b31-c22c-4981-8172-5e0d8ae2439a,farming.melbourne,available,44.98,53.98,high,low,7,namecheap,,,17/08/2026 22:33
317b8d46-4678-4a30-b1aa-15fa7de91539,farming.hosting,available,309.99,329.99,high,low,7,namesilo,,,17/08/2026 22:33
09e98705-b1cc-4afb-84ab-8874609625df,farming.ooo,premium,83.29,23.59,high,low,7,namesilo,,,17/08/2026 22:33
bb15b478-17bd-455a-9b1e-537b9bd6c152,farming.clinic,available,11.98,82.98,high,low,7,namecheap,,,17/08/2026 22:33
03547f11-013a-4d51-ae9d-54de91a5c649,agriculture.kim,available,5.38,18.83,high,low,11,spaceship,,,29/09/2026 10:29
748492b2-919e-4fdc-b6f3-dc928607bf8d,farming.forex,available,11.98,133.98,high,low,7,namecheap,,,17/08/2026 22:33
0e30c638-e9b2-4120-98c7-ab8ee4f2563e,agriculture.associates,premium,66.5,,high,low,11,unstoppable,,,29/09/2026 10:29
a003a8d1-3a59-4f42-bf75-cfc0a39ebd83,agriculture.rip,available,24.5,,high,low,11,unstoppable,,,29/09/2026 10:29
cf0b63c0-9d54-49f7-b420-5400bb9aa3f6,agriculture.life,resell,,,high,low,11,,,,29/09/2026 10:29
328c7151-3a87-411d-bf54-bffe7caa357a,farming.photography,available,6.98,46.48,high,low,7,namecheap,,,17/08/2026 22:33
4d62b12f-f4b9-44a6-a799-2583f47cd890,farming.gmbh,available,45.99,45.99,high,low,7,namesilo,,,17/08/2026 22:33
b93285c5-0e85-42f3-873a-d125b299c730,farming.consulting,available,8.48,67.98,high,low,7,namecheap,,,17/08/2026 22:33
6c98697e-611f-49fe-9cc1-5faa20a37eae,agriculture.sexy,available,2998,3298,high,low,11,namecheap,,,29/09/2026 10:29
0cc4dec8-e267-4479-9f74-0431f7c702cf,agriculture.fans,premium,116,116,high,low,11,namesilo,,,29/09/2026 10:29
873a2790-8721-4858-91cf-a42eb6ecfbdf,farming.srl,premium,54.28,30.68,high,low,7,namesilo,,,17/08/2026 22:33
e6e0ca59-f125-42c5-bb35-36e514aaf0f4,agriculture.blog,premium,640,2660,high,low,11,namesilo,,,29/09/2026 10:29
3b4e5cff-f3a9-4184-99db-56577363e47b,farming.boats,available,1.8,19.98,high,low,7,namecheap,,,17/08/2026 22:33
3b0dcf2c-87be-49f7-afd0-14b3067f059b,agriculture.fashion,available,26.08,26.08,high,low,11,spaceship,,,29/09/2026 10:29
812bafc2-cbd6-4a87-a395-9dc34f151d0b,farming.rentals,available,6.98,56.98,high,low,7,namecheap,,,17/08/2026 22:33
194fd9eb-92d6-4372-b63c-cf089dbeceba,agriculture.coach,premium,242,242,high,low,11,namesilo,,,29/09/2026 10:29
ebde541c-9e40-4bb7-a9be-d7522d8f350d,farming.schule,available,19.99,41.99,high,low,7,name.com,,,17/08/2026 22:33
a8f27c1b-6435-4e4d-a068-3ec019c4bcbb,farming.review,premium,3125,125,high,low,7,name.com,,,17/08/2026 22:33
4d1bccc3-65d2-40f3-8c85-4417ea7d9e30,farming.date,premium,116,29.5,high,low,7,namesilo,,,17/08/2026 22:33
baf47939-1ff0-4438-b8fc-e0718beca754,farming.store,premium,312.5,1250,high,low,7,name.com,,,17/08/2026 22:33
2ccc0f09-2dba-4acf-b319-3f9cd7b8abf5,farming.claims,available,11.98,82.98,high,low,7,namecheap,,,17/08/2026 22:33
7be5c49d-63af-4a0d-ad72-59e58e295809,agriculture.day,premium,59.2,,high,low,11,unstoppable,,,29/09/2026 10:29
9fa04fb0-efdb-43d9-a014-b2ca4bf51bf2,farming.gallery,available,28.99,28.99,high,low,7,namesilo,,,17/08/2026 22:33
93f5ce49-fcea-464a-ab38-1a122c0eb9f2,farming.club,resell,,,high,low,7,Porkbun,07/05/2014 15:01,06/05/2027 23:59,27/09/2026 06:41
bae4ec21-9ade-435e-af8b-c150bd5eb11a,agriculture.glass,available,58.19,58.19,high,low,11,porkbun,,,29/09/2026 10:29
4ec50712-56b3-4296-a0fd-9e8ee23e2708,agriculture.luxe,available,19.49,19.49,high,low,11,namesilo,,,29/09/2026 10:29
90d88e88-d4c9-4f04-9f63-ca7373e08bf2,farming.juegos,available,368.98,478.98,high,low,7,namecheap,,,17/08/2026 22:33
d7d38043-fbf2-47b2-a30e-2c7d8134e460,agriculture.moi,available,27,,high,low,11,unstoppable,,,29/09/2026 10:29
987ef2f5-5028-40c0-85df-7f406b622918,agriculture.mobile,premium,330,330,high,low,11,dynadot,,,29/09/2026 10:29
b6158609-742e-43bb-9d3f-c8aee578c1ae,agriculture.fun,premium,500.2,,high,low,11,unstoppable,,,29/09/2026 10:29
0aadfa6d-0970-404b-b996-16275a454f74,agriculture.press,premium,640,640,high,low,11,namesilo,,,29/09/2026 10:29
1f5318d8-3fc9-4523-a263-4d1c25296b78,farming.spot,premium,116,116,high,low,7,namesilo,,,17/08/2026 22:33
43fb50b0-6bd6-494d-b0cd-e25e1bafbfa2,farming.auto,available,1999.99,2199,high,low,7,namesilo,,,17/08/2026 22:33
4e0ca72b-2451-4b1b-8960-0034306bfa34,farming.cleaning,available,75.49,75.49,high,low,7,namesilo,,,17/08/2026 22:33
a166bfd2-a689-4a9e-83f3-450ab9dc8c1c,agriculture.tech,premium,,,high,low,11,,,,29/09/2026 10:29
d2268c35-d9cd-4897-bb53-d992fce0eb36,agriculture.wtf,available,7.49,36.49,high,low,11,namesilo,,,29/09/2026 10:29
8ab2689c-3673-4715-9007-0495ed6c504a,farming.luxe,available,19.49,19.49,high,low,7,namesilo,,,17/08/2026 22:33
0db19e5c-5c70-47fd-bc74-1784c4bb6435,farming.auction,premium,242,242,high,low,7,namesilo,,,17/08/2026 22:33
199697aa-ead7-433f-93dd-3359035b069c,farming.tube,premium,23.6,23.6,high,low,7,namesilo,,,17/08/2026 22:33
0c3edd8d-7263-4de0-af01-6cdd45b0846a,agriculture.click,available,1.24,10.55,high,low,11,spaceship,,,29/09/2026 10:29
f5ef2a1c-1644-4031-a855-41093087ee46,farming.lease,available,14.99,71.99,high,low,7,name.com,,,17/08/2026 22:33
66f6261f-f603-43eb-96b7-15a895d4461d,farming.how,premium,223.75,223.75,high,low,7,name.com,,,17/08/2026 22:33
9ebba585-30e0-4054-9b30-a4ebc7be10af,agriculture.gallery,available,28.99,28.99,high,low,11,namesilo,,,29/09/2026 10:29
374ca920-cc00-4af5-a2f3-933055480b39,agriculture.dog,available,5.38,51.95,high,low,11,spaceship,,,29/09/2026 10:29
9d2477e5-6549-43f1-8495-3a1b8f69651a,agriculture.news,premium,1107,1107,high,low,11,namesilo,,,29/09/2026 10:29
f1ff615b-bf7e-4ea6-b4d5-1acc6776e704,farming.holdings,available,64.99,64.99,high,low,7,namesilo,,,17/08/2026 22:33
34e2956d-477f-457b-a331-e5c33beea7b1,agriculture.bayern,available,34.99,34.99,high,low,11,namesilo,,,29/09/2026 10:29
90e615a9-291b-4b4e-b9c3-b8f881e47d64,farming.bio,premium,118.8,118.8,high,low,7,namesilo,,,27/09/2026 06:55
c4a151b2-041e-4cb3-a909-31b4d3fa99a6,farming.fitness,available,3.48,54.98,high,low,7,namecheap,,,17/08/2026 22:33
028d5e05-6f40-4a70-a1a3-5d7fb7070e6c,farming.pub,available,39.99,39.99,high,low,7,namesilo,,,17/08/2026 22:33
3e34d265-ab93-48ac-9329-2c3b01b677ae,agriculture.actor,available,16.99,44.49,high,low,11,namesilo,,,29/09/2026 10:29
4613e87f-ea59-4140-aa3f-5f7ea71e3be5,farming.sydney,available,44.98,54.98,high,low,7,namecheap,,,17/08/2026 22:33
6498a508-fc9c-4ee6-8724-c4f46ebd6f3c,farming.family,premium,242,242,high,low,7,namesilo,,,17/08/2026 22:33
f6094ac5-9e87-49e3-b2b5-b25087bce399,farming.forum,premium,87.5,125,high,low,7,name.com,,,17/08/2026 22:33
0edd5d5f-1b15-4b01-9edb-8c7b5d6b62ca,farming.living,available,1.8,48.98,high,low,7,namecheap,,,17/08/2026 22:33
ac48d31e-0e99-4f2c-96b5-eff1ce414580,farming.rent,available,5,81.98,high,low,7,namecheap,,,17/08/2026 22:33
1a60115f-2151-4cb3-a677-2a209c815264,farming.email,available,4.98,40.98,high,low,7,namecheap,,,17/08/2026 22:33
5006d4b2-81ed-4146-be37-04ad649a62db,agriculture.rest,available,1.8,41.98,high,low,11,namecheap,,,29/09/2026 10:29
7b3538b1-d57f-49d0-be7c-acf82d6be0d0,agriculture.rent,available,17.99,59.99,high,low,11,namesilo,,,29/09/2026 10:29
9c094b28-62db-47c7-924d-cb356906d8b9,farming.phd,premium,111.25,111.25,high,low,7,name.com,,,17/08/2026 22:33
9953a53b-f4fc-4d6c-8ea8-f2512cd67a70,farming.faith,premium,116,29.5,high,low,7,namesilo,,,17/08/2026 22:33
d916ab60-3ce4-44bd-a1fc-ed28e66a97cb,agriculture.pet,available,14.49,27.59,high,low,11,namesilo,,,29/09/2026 10:29
5186fc59-3c98-4a60-9890-7881a4b32f05,agriculture.holiday,available,50.2,50.2,high,low,11,cloudflare,,,29/09/2026 10:29
58f5cfcb-5168-4927-95c2-437fc0eefa54,agriculture.support,premium,207.2,207.2,high,low,11,spaceship,,,29/09/2026 10:29
bc45748f-cb93-4c8f-a62c-93e2acd9c48b,agriculture.parts,premium,78.54,78.54,high,low,11,namesilo,,,29/09/2026 10:29
fcd3f19a-bc68-425c-a24b-da99b233774a,farming.talk,premium,71.4,71.4,high,low,7,namesilo,,,17/08/2026 22:33
cedcc353-531e-4e4c-831b-d977a425ff27,farming.giving,available,5.99,40.99,high,low,7,name.com,,,17/08/2026 22:33
1055d670-b60e-48ce-a7d8-5e478b57c71d,farming.top,resell,,,high,low,7,Dynadot LLC,10/08/2026 20:59,10/08/2027 20:59,26/09/2026 06:01
0673aee8-9d29-40e9-8e94-ed0ec2bafc94,agriculture.poker,available,8.24,54.07,high,low,11,porkbun,,,29/09/2026 10:29
393049d8-ceb9-455a-9b8d-76284c815fe1,farming.onl,premium,53.92,116,high,low,7,namesilo,,,17/08/2026 22:33
d3a7aa7e-aac9-4135-aaf2-04db31ce81e7,agriculture.villas,available,47.81,47.81,high,low,11,spaceship,,,29/09/2026 10:29
aa0f50e7-99d8-4380-9ff8-16ed3b2fa55e,farming.host,premium,312.5,625,high,low,7,name.com,,,17/08/2026 22:33
a7fe8f90-460d-4e28-94f8-128d5f1e208b,farming.mov,premium,311.25,311.25,high,low,7,name.com,,,17/08/2026 22:33
5c28b743-eb2a-4d38-a642-bb71adaa203e,agriculture.io,resell,168013.85,59.99,high,low,11,Divido Ltd,04/07/2012 00:48,30/04/2030 12:00,29/09/2026 10:29
acd2bc00-b2f0-40ba-9d84-ef20be786fb1,farming.win,premium,437.5,62.5,high,low,7,name.com,,,17/08/2026 22:33
9e5c21f3-f7ca-4d4b-b3f2-a05439c20f99,agriculture.gift,available,20.98,23.98,high,low,11,namecheap,,,29/09/2026 10:29
0b82ff2e-5032-4791-b3a6-dbba99124f76,farming.vodka,available,32.49,32.49,high,low,7,namesilo,,,17/08/2026 22:33
ae1f932f-0ef7-471e-b582-d0ddc0485a4a,farming.ing,premium,187.5,187.5,high,low,7,name.com,,,17/08/2026 22:33
aa2fc08a-2fd7-490d-89f3-72ba90d74165,agriculture.new,available,488.98,601.98,high,low,11,namecheap,,,29/09/2026 10:29
aa33f4c3-3984-4e76-8a86-aa4c48963dd6,farming.buzz,premium,116,53.92,high,low,7,namesilo,,,17/08/2026 22:33
c44adcd8-78c3-44db-8a46-fa915949e727,agriculture.monster,available,1.18,13.97,high,low,11,spaceship,,,29/09/2026 10:29
5f6d77e9-f246-4586-aef3-78f218d8430b,farming.casino,available,6.98,191.98,high,low,7,namecheap,,,17/08/2026 22:33
a055baea-6f9e-4468-a664-779f27c579a1,agriculture.navy,available,41.99,41.99,high,low,11,namesilo,,,29/09/2026 10:29
f5da8ea4-0775-4f43-8161-d99760d18a41,agriculture.hamburg,available,69.98,73.98,high,low,11,namecheap,,,29/09/2026 10:29
32c7c457-144b-4345-87c8-6a46bda44370,farming.lawyer,available,62.99,62.99,high,low,7,namesilo,,,17/08/2026 22:33
1b9c98c2-d934-48d9-93c6-2e25ad8d4ee6,agriculture.fish,available,44.49,44.49,high,low,11,namesilo,,,29/09/2026 10:29
ffe522e1-7ca4-4d03-a0ba-f964f6a3b528,farming.restaurant,available,11.98,81.98,high,low,7,namecheap,,,17/08/2026 22:33
71a2d7fc-10cc-4742-af74-7bac76721d64,agriculture.sex,available,51.95,98.53,high,low,11,spaceship,,,29/09/2026 10:29
956ed95f-d3b4-4ce7-a8d9-90238df55d0b,farming.meme,premium,437.5,437.5,high,low,7,name.com,,,17/08/2026 22:33
16495736-1653-431f-a7bf-1125a31b0375,farming.training,available,8.98,53.98,high,low,7,namecheap,,,17/08/2026 22:33
6757f102-a6f9-4a27-aed8-98d4ece1da12,farming.style,available,7.98,49.98,high,low,7,namecheap,,,17/08/2026 22:33
286ae6f3-e329-4e5f-bfb6-3fc36bfccda4,farming.boo,premium,73.75,73.75,high,low,7,name.com,,,17/08/2026 22:33
a3553789-5ded-41ad-888e-d986b92c32de,agriculture.vacations,available,38.99,38.99,high,low,11,namesilo,,,29/09/2026 10:29
7be733a5-659e-429c-8066-07d45db814bb,farming.charity,available,5.99,40.99,high,low,7,name.com,,,17/08/2026 22:33
9357917c-d70a-486d-990a-4e1451dd9aae,agriculture.lawyer,premium,3900,3900,high,low,11,namecheap,,,29/09/2026 10:29
5c375d08-c9c1-4aed-a52f-f8572e3bec33,agriculture.qpon,available,2.19,11.49,high,low,11,namesilo,,,29/09/2026 10:29
2273b009-1ddb-4997-adf5-412d1057bfb2,agriculture.codes,available,4.63,57.16,high,low,11,porkbun,,,29/09/2026 10:29
a0289bb9-80dc-49b3-84c8-882529d5ec81,agriculture.bargains,available,13.14,23.94,high,low,11,spaceship,,,29/09/2026 10:29
4379713b-0cd0-403f-a100-ef3ae30a72e6,farming.horse,available,32.49,32.49,high,low,7,namesilo,,,17/08/2026 22:33
9558951c-2d8b-482b-bdfe-616be77771cc,agriculture.in,resell,,,high,low,11,,,,29/09/2026 10:29
a170571f-18ba-41ee-bd29-448162d9a658,farming.vote,available,23.98,119.98,high,low,7,namecheap,,,17/08/2026 22:33
ff506d85-d9c6-443d-8687-2af406018814,farming.vin,available,6.98,75.98,high,low,7,namecheap,,,17/08/2026 22:33
2d8ed22f-a02e-4b35-bb33-cdd7dce1b722,farming.rest,available,1.8,41.98,high,low,7,namecheap,,,17/08/2026 22:33
75d8ff8f-b92a-4668-8a48-d517a8c40e90,farming.my,premium,66.36,94.81,high,low,7,name.com,,,17/08/2026 22:33
6936d955-5fc7-4eb8-bbc7-9df28e8eec39,agriculture.gratis,available,18.83,18.83,high,low,11,spaceship,,,29/09/2026 10:29
c831ba47-ec40-4ccb-9a4b-d6d557fae415,agriculture.living,available,5.49,39.99,high,low,11,namesilo,,,29/09/2026 10:29
9daa42b6-d4ef-4a8a-ba17-97f3dffc585d,agriculture.maison,available,44.2,44.2,high,low,11,cloudflare,,,29/09/2026 10:29
9e2f47f4-bbaa-4698-b9dd-ea4d6910b254,farming.solar,available,64.99,64.99,high,low,7,namesilo,,,25/09/2026 09:56
3137e048-5221-4d02-a3d4-4aaf16d84307,agriculture.plus,available,15,,high,low,11,unstoppable,,,29/09/2026 10:29
038647d8-44b5-4a6c-af8c-3cd05bdcd862,agriculture.cash,available,12,,high,low,11,unstoppable,,,29/09/2026 10:29
d09048e1-498d-42bf-9867-343c13de0a46,agriculture.today,premium,,,high,low,11,,,,29/09/2026 10:29
fe13b5b1-bf09-42f6-b6a3-46985fd5494d,farming.wiki,premium,65,130,high,low,7,namecheap,,,17/08/2026 22:33
f3ccf18e-05f8-4f65-9c5d-3e7fa3606137,agriculture.porn,available,51.95,98.53,high,low,11,spaceship,,,29/09/2026 10:29
66e9a7ad-74a2-4901-acf6-898842cb6188,farming.fashion,available,32.49,32.49,high,low,7,namesilo,,,17/08/2026 22:33
90b6c31f-fd77-4cea-b588-27398d6ab018,agriculture.productions,available,5.89,32.29,high,low,11,spaceship,,,29/09/2026 10:29
d42ac2fb-5b9d-46b7-8b51-b7d639198cff,agriculture.inc,premium,1692.6,2183.84,high,low,11,porkbun,,,29/09/2026 10:29
88a9385c-151d-4c34-8a58-bddf3177c756,farming.adult,available,69.98,166.98,high,low,7,namecheap,,,17/08/2026 22:33
2d6ea6a8-b57d-4e6a-b2df-b1b03e583f9a,farming.bid,available,5.25,6.25,high,low,7,namesilo,,,17/08/2026 22:33
643cd279-6035-46d2-a351-ea0edf61acc4,farming.reviews,available,7.99,81.99,high,low,7,name.com,,,17/08/2026 22:33
d3be9965-bc41-4687-a8fc-da816434f85a,agriculture.ong,premium,,,high,low,11,,,,29/09/2026 10:29
f2d9df90-c568-464f-adb9-c8ab94a23473,agriculture.clinic,available,10.55,51.95,high,low,11,spaceship,,,29/09/2026 10:29
3745d986-100e-4fbf-9d34-6d105ae33e18,agriculture.nyc,available,31.99,31.99,high,low,11,namesilo,,,29/09/2026 10:29
b9e79179-cfc6-4349-843d-ac84a6c254a8,agriculture.game,available,309.99,353.32,high,low,11,dynadot,,,29/09/2026 10:29
c6f2907f-177b-4859-a6f3-83b605bfc9a0,farming.beer,available,1.98,43.98,high,low,7,namecheap,,,17/08/2026 22:33
b2942703-6b06-48b2-bb80-e9f7db3c2f80,agriculture.protection,available,2064.2,2064.2,high,low,11,spaceship,,,29/09/2026 10:29
73b0983c-9a72-41c3-9b4c-f45613153373,agriculture.hospital,available,57.99,57.99,high,low,11,namesilo,,,29/09/2026 10:29
d017063c-df22-4369-8e3f-c31dbbe106da,farming.coffee,available,6.98,47.98,high,low,7,namecheap,,,17/08/2026 22:33
27b55c79-624a-4970-8a27-7cd336cdc768,farming.kids,premium,53.92,21.24,high,low,7,namesilo,,,17/08/2026 22:33
afd4c74a-07fd-4ade-9dcd-32b709db4381,farming.sbs,premium,68.43,147.2,high,low,7,namesilo,,,17/08/2026 22:33
e8161afc-c539-43b0-b68c-79003c0cd9b0,farming.productions,available,6.48,50.98,high,low,7,namecheap,,,17/08/2026 22:33
788d3063-02c4-4611-904f-dd0cf83a66b4,farming.sarl,available,6.98,8.98,high,low,7,namecheap,,,17/08/2026 22:33
a97b3f33-bef9-4738-9446-354fa0fe683b,agriculture.auto,available,1999.99,2199,high,low,11,namesilo,,,29/09/2026 10:29
58ed4e2b-9159-454c-b7df-f9b986857a10,farming.rip,available,7.99,29.99,high,low,7,name.com,,,17/08/2026 22:33
b1dfeea0-611d-4cbf-9099-8e342a121d7d,agriculture.kids,premium,51.95,18.83,high,low,11,spaceship,,,29/09/2026 10:29
83287f1a-99f1-4a46-b36e-b96ea6c8f7ff,agriculture.attorney,premium,3300,3300,high,low,11,dynadot,,,29/09/2026 10:29
5259faf5-98c4-4f76-a55d-5f7ee2339941,agriculture.organic,resell,,,high,low,11,,,,29/09/2026 10:29
ac8235e0-6b3b-4813-b73d-53fc6a0c3c62,farming.so,available,68.98,,high,low,7,namecheap,,,
4491411f-dc6c-445b-b5b1-7e41286f53a5,farming.deal,premium,116,116,high,low,7,namesilo,,,17/08/2026 22:33
0cb06c38-0bce-4f9f-8613-d10b8afb0656,agriculture.services,premium,,,high,low,11,,,,29/09/2026 10:29
f60fd547-bacf-4574-80c4-02a0c3cfbb50,agriculture.show,premium,,,high,low,11,,,,29/09/2026 10:29
0f113494-8a25-48d9-8262-733be2244aa3,farming.free,premium,116,116,high,low,7,namesilo,,,17/08/2026 22:33
d491dfaf-e228-40ad-835a-566e7d579141,agriculture.care,available,20.99,44.49,high,low,11,namesilo,,,29/09/2026 10:29
ec2e2aed-7724-41d9-9107-015824f64e4a,agriculture.games,available,26.2,26.2,high,low,11,cloudflare,,,29/09/2026 10:29
06734623-82eb-4047-9e54-9155b22f3cf5,farming.storage,available,509.99,529.99,high,low,7,namesilo,,,17/08/2026 22:33
eaf2ea26-1565-4ac3-9421-62efa1d0d8a9,agriculture.insure,available,56.2,56.2,high,low,11,cloudflare,,,29/09/2026 10:29
3988dc21-4681-4453-bbc0-aeb9e2bc6186,agriculture.luxury,available,,,high,low,11,,,,29/09/2026 10:29
c91df2f5-4bc7-477f-9050-922d3cc87547,agriculture.taxi,available,7.96,49.88,high,low,11,spaceship,,,29/09/2026 10:29
dde4fefb-d9f0-426c-ac31-fc9f09c060b1,farming.diamonds,available,54.99,54.99,high,low,7,namesilo,,,17/08/2026 22:33
1a7c77bb-1d31-40a4-add3-6c457fea62bd,farming.paris,available,65.99,65.99,high,low,7,name.com,,,17/08/2026 22:33
24dff782-a9eb-4cb9-8cb7-cb538b8ef7aa,agriculture.tax,available,8.24,54.07,high,low,11,porkbun,,,29/09/2026 10:29
f51f7995-59ef-474c-ad3a-c540ec6f2ead,agriculture.boston,premium,41.6,18.83,high,low,11,spaceship,,,29/09/2026 10:29
205c2700-190f-4d70-946f-614a771bc4a6,agriculture.cab,available,32.99,32.99,high,low,11,namesilo,,,29/09/2026 10:29
4a4b2eb7-08d9-42dc-9d93-40cb89a89574,farming.doctor,available,5.98,154.98,high,low,7,namecheap,,,17/08/2026 22:33
c74c8366-5e50-46d8-b295-a1cb6d677662,farming.baby,available,1.8,81.98,high,low,7,namecheap,,,17/08/2026 22:33
5900cd43-182f-494d-84f7-6477c6620466,agriculture.florist,available,32.99,32.99,high,low,11,namesilo,,,29/09/2026 10:29
a202410f-0e86-4a65-a7d9-53f9d57b48d3,agriculture.review,premium,2729.67,109.69,high,low,11,porkbun,,,29/09/2026 10:29
c2fa5a91-d5a6-4074-b97e-25617191d08b,agriculture.cleaning,available,75.49,75.49,high,low,11,namesilo,,,29/09/2026 10:29
3b883d93-8896-40b9-b6f8-8ef10b520382,farming.soy,premium,48.75,48.75,high,low,7,name.com,,,17/08/2026 22:33
b3b92667-438d-478f-a716-acfef5893375,agriculture.horse,available,26.26,26.26,high,low,11,porkbun,,,29/09/2026 10:29
5130d684-ac2a-44ab-b29d-8eca6cd86276,agriculture.bet,resell,,,high,low,11,,,,29/09/2026 10:29
98613dc4-eec7-40f9-bec3-03edc4272787,agriculture.band,available,20.99,31.49,high,low,11,namesilo,,,29/09/2026 10:29
6c699c9c-25ab-4d2a-a23a-06a7020a57c3,farming.rsvp,premium,73.75,73.75,high,low,7,name.com,,,17/08/2026 22:33
9348bfb8-9bc5-4bad-a88e-3a331d6832c9,agriculture.fast,premium,55.11,55.11,high,low,11,porkbun,,,29/09/2026 10:29
58ad1506-df39-4f27-921e-2f19dbf427b5,agriculture.shop,premium,517.7,517.7,high,low,11,spaceship,,,29/09/2026 10:29
db3078e0-fd70-4ba5-8e22-a9f304eebe89,agriculture.date,premium,384,116,high,low,11,namesilo,,,29/09/2026 10:29
c7736538-6423-458e-a82d-9a163ea804d7,farming.vip,premium,302.5,17.7,high,low,7,namesilo,,,17/08/2026 22:33
b629ad64-d3fd-4fab-999e-e00b8671fffa,farming.games,premium,130,260,high,low,7,namecheap,,,17/08/2026 22:33
dddd8edd-e290-4f10-a692-badef31f2395,agriculture.plumbing,available,58.16,58.16,high,low,11,spaceship,,,29/09/2026 10:29
03837fe0-77de-4e9f-a599-a8ca25515465,farming.mortgage,available,14.99,81.99,high,low,7,name.com,,,17/08/2026 22:33
e99d8c16-29ef-407e-8335-8223fe44b939,farming.codes,available,3.98,92.98,high,low,7,namecheap,,,17/08/2026 22:33
398ba76d-143f-4a41-aae0-ca9affaaef5e,agriculture.you,premium,51.95,51.95,high,low,11,spaceship,,,29/09/2026 10:29
df5c7d39-4aef-4e51-8560-4bc30c482965,farming.name,available,8.98,9.98,high,low,7,namecheap,,,17/08/2026 22:33
8d8e3644-a3af-4e0d-957a-5a20a6625971,farming.bz,available,21.98,26.98,high,low,7,namecheap,,,17/08/2026 22:33
068d4f36-78e9-4f42-b627-dc6167ea98a3,agriculture.hockey,available,59.99,59.99,high,low,11,namesilo,,,29/09/2026 10:29
de857bd5-b402-4e9e-b041-15457d465338,agriculture.industries,premium,207.2,207.2,high,low,11,spaceship,,,29/09/2026 10:29
dad5a741-038f-48ee-8b08-4e0150eba5f3,farming.link,premium,937.5,937.5,high,low,7,name.com,,,17/08/2026 22:33
72f736a2-56fd-4acf-a0e6-7907910367c7,farming.bond,premium,68.43,147.2,high,low,7,namesilo,,,17/08/2026 22:33
f627c16e-9ec3-42e1-b993-6c916c5adb82,agriculture.world,resell,,,high,low,11,,,,29/09/2026 10:29
4403403a-2f22-4224-a115-3554ac813278,farming.tennis,available,65.99,65.99,high,low,7,namesilo,,,17/08/2026 22:33
2be3648f-6b0f-45bb-ad46-3f43b1c3523f,farming.tires,available,5.99,78.99,high,low,7,namesilo,,,17/08/2026 22:33
7948febd-e6be-4942-af8f-802faeea6bd1,agriculture.gripe,premium,36.3,36.3,high,low,11,dynadot,,,29/09/2026 10:29
885bdbb9-ed46-406b-b983-60982d6db91c,agriculture.pw,premium,137.5,275,high,low,11,dynadot,,,29/09/2026 10:29
8ab9b696-6969-4337-b4a1-0a397721e000,farming.watch,available,3.48,56.98,high,low,7,namecheap,,,17/08/2026 22:33
8c3ef6dd-2460-4ba1-833c-a0dab3c06a49,farming.camera,available,21.99,75.99,high,low,7,name.com,,,17/08/2026 22:33
79de2b9c-8e30-4f83-97ac-53d7756e0dd8,agriculture.moe,available,13.99,13.99,high,low,11,namesilo,,,29/09/2026 10:29
95a80988-5c0b-4e7a-9aa8-fd22b2ad13f4,farming.moi,available,25.99,25.99,high,low,7,namesilo,,,17/08/2026 22:33
c0bf51c3-d305-485b-b74f-bbf2a1287194,farming.fm,available,69.98,118.98,high,low,7,namecheap,,,17/08/2026 22:33
90a828fc-768b-4d96-ad60-f11947db2445,farming.one,premium,625,625,high,low,7,name.com,,,17/08/2026 22:33
80601e0f-74c0-4322-8dbf-7ab9b0a4da66,farming.church,available,8.48,78.98,high,low,7,namecheap,,,17/08/2026 22:33
5cbb5c77-bd61-44db-92d7-42439cd7d611,agriculture.hair,available,1.8,21.98,high,low,11,namecheap,,,29/09/2026 10:29
67a5706f-1467-45ed-a9a1-c086770da52b,agriculture.sucks,available,218.99,218.99,high,low,11,namesilo,,,29/09/2026 10:29
3d811520-d526-4e13-8c31-d808ee075c07,agriculture.faith,premium,640,77.35,high,low,11,namesilo,,,29/09/2026 10:29
1fcc4ea1-7ab3-4b68-84f6-65a8f40ec523,agriculture.irish,available,5.38,17.8,high,low,11,spaceship,,,29/09/2026 10:29
00f19579-5dce-4498-adca-383c6a5977c9,agriculture.reise,available,80.47,80.47,high,low,11,dynadot,,,29/09/2026 10:29
79295308-f14b-47fb-a2cf-57ffd2bffc22,farming.vacations,available,9.99,50.99,high,low,7,name.com,,,17/08/2026 22:33
c592a7e8-8d64-46d9-acb0-cfcff32cf4ad,agriculture.exposed,premium,54.36,108.6,high,low,11,porkbun,,,29/09/2026 10:29
d67183bf-79f2-4a27-9a96-a6d9fbc472bc,farming.sexy,available,2749.99,2749.99,high,low,7,namesilo,,,17/08/2026 22:33
99787843-b95d-413d-9414-d6db17c9be23,agriculture.restaurant,available,10.55,51.95,high,low,11,spaceship,,,29/09/2026 10:29
834fd885-a344-4cab-94e2-e79c5be5dd2d,agriculture.kaufen,available,5.57,24.83,high,low,11,dynadot,,,29/09/2026 10:29
23ccc954-5f66-4a5b-9d9a-eca0427a1456,agriculture.video,available,4.34,29.18,high,low,11,spaceship,,,29/09/2026 10:29
5d254db5-e467-4be3-b8b2-4cbc037f315b,agriculture.esq,premium,92.32,92.32,high,low,11,spaceship,,,29/09/2026 10:29
8624546e-d7f0-489b-8781-ce85bfb80dd8,agriculture.photos,available,7.96,24.01,high,low,11,spaceship,,,29/09/2026 10:29
037ebaf2-c414-4469-b768-ef0e2a0217f5,farming.tattoo,available,2.98,48.98,high,low,7,namecheap,,,17/08/2026 22:33
bbab9f0c-f939-4450-b307-490194590bcb,agriculture.soccer,available,25.99,25.99,high,low,11,namesilo,,,29/09/2026 10:29
7a59b0c6-ce50-465b-9d3c-dd84dee80117,agriculture.agency,premium,66.5,,high,low,11,unstoppable,,,29/09/2026 10:29
d4e03cd5-f4b4-475f-9587-2e10ad95b53b,farming.fast,premium,53.92,53.92,high,low,7,namesilo,,,17/08/2026 22:33
6aa2f9ff-b327-4ea9-b365-c96f2d6e8e72,agriculture.courses,premium,5175.2,5175.2,high,low,11,spaceship,,,29/09/2026 10:29
009b1037-76ad-48c9-9ba2-b07361a414f3,farm.green,premium,517.7,517.7,high,low,4,spaceship,,,29/09/2026 18:58
34c5ebac-c19e-48c5-bbe8-ef8a91821e79,farming.bike,available,5.98,48.98,high,low,7,namecheap,,,17/08/2026 22:33
adb06bb4-eadf-46ea-a2d6-82f46c141ce5,agriculture.autos,available,1.24,13.97,high,low,11,spaceship,,,29/09/2026 10:29
55e3340c-b4a4-4ba2-90fd-c918f915b85c,agriculture.fund,premium,207.2,207.2,high,low,11,spaceship,,,29/09/2026 10:29
9b08eeeb-0bf0-4fbb-8a93-bc36194b1636,agriculture.bingo,available,8.24,44.09,high,low,11,dynadot,,,29/09/2026 10:29
64a8f6b2-b596-4979-96c3-b03b6495430e,agriculture.realty,premium,1107,1107,high,low,11,namesilo,,,29/09/2026 10:29
d2594c29-b657-4a88-ae18-ef1a6d80fb7d,farming.management,available,14.99,33.99,high,low,7,name.com,,,17/08/2026 22:33
9d1b809e-46c8-416d-b95c-bbff507c3dd9,farming.miami,available,23.49,23.49,high,low,7,namesilo,,,17/08/2026 22:33
987ea502-f518-4704-ac8a-e1c3ac4c3be3,agriculture.club,premium,1000.5,,high,low,11,unstoppable,,,29/09/2026 10:29
aaff39ee-5a46-4270-a93b-f960d3f4131c,agriculture.immobilien,available,37.99,37.99,high,low,11,namesilo,,,29/09/2026 10:29
d686d727-847a-43f5-83d6-d33206388995,agriculture.wine,available,46.2,46.2,high,low,11,cloudflare,,,29/09/2026 10:29
87dea0c3-77ad-482b-b17f-0a1a2c397c12,agriculture.dance,available,16.99,27.49,high,low,11,namesilo,,,29/09/2026 10:29
e84a4587-c913-4769-8814-c1abb6594747,farming.capital,resell,,,high,low,7,Dynadot Inc,09/05/2026 00:15,09/05/2027 00:15,26/09/2026 06:01
99c38a51-1402-49cd-acc8-fbfddfdf4df4,farming.courses,premium,242,242,high,low,7,namesilo,,,17/08/2026 22:33
14705cb3-63a6-4229-bf4f-29458f61d251,farming.pet,available,6.98,35.98,high,low,7,namecheap,,,17/08/2026 22:33
3cb188f9-3328-4f23-9340-946e228d8fdd,agriculture.training,premium,242,242,high,low,11,namesilo,,,29/09/2026 10:29
92d3a4c0-6614-40dc-a040-7d598dd10ddd,farming.cheap,available,5.98,49.98,high,low,7,namecheap,,,17/08/2026 22:33
77f2b5c3-6bfe-4cff-b1ea-4a38a33af21d,farming.gay,premium,53.92,53.92,high,low,7,namesilo,,,17/08/2026 22:33
2306693b-7ad1-466d-a974-917598230022,agriculture.careers,premium,85.8,85.8,high,low,11,namecheap,,,29/09/2026 10:29
60fa8328-c0e2-40b7-a993-55dfe83fe076,farming.cat,available,26.98,38.98,high,low,7,namecheap,,,17/08/2026 22:33
1a77e0bf-c5b6-4e20-a700-857db2b0eaf0,farming.science,premium,3125,125,high,low,7,name.com,,,17/08/2026 22:33
ebee1544-048f-4c79-9e88-81e8c8316b37,farming.cricket,premium,437.5,62.5,high,low,7,name.com,,,17/08/2026 22:33
321fb77f-6040-4631-883f-d20ed2a105b5,agriculture.global,premium,2640,80.47,high,low,11,dynadot,,,29/09/2026 10:29
54b91db5-d9dd-40f1-b9c6-6b505d1a235c,farming.computer,available,22.48,48.98,high,low,7,namecheap,,,17/08/2026 22:33
15c2b21f-08ac-4569-ba84-a6e808e65175,farming.theatre,available,509.99,529.99,high,low,7,namesilo,,,17/08/2026 22:33
3677292a-70da-4a2c-a4f2-eafa5b2f3c64,farming.sh,available,34.98,76.98,high,low,7,namecheap,,,17/08/2026 22:33
7b92e185-84ee-430a-82b8-7fc368565a8c,agriculture.fail,available,38.99,38.99,high,low,11,namesilo,,,29/09/2026 10:29
82a650eb-aaa3-417d-9daf-89dce0f5ba0c,farming.blog,premium,640,2660,high,low,7,namesilo,,,17/08/2026 22:33
f179b9b1-6d21-44ca-83e4-386f26cd921c,agriculture.discount,available,4.63,24.2,high,low,11,porkbun,,,29/09/2026 10:29
9884d500-e2fd-402f-847d-01f730cb2e56,farming.movie,available,40.98,446.98,high,low,7,namecheap,,,17/08/2026 22:33
e520893c-f6de-4116-aff7-b4b0a6b3e914,agriculture.dealer,premium,4278,2660,high,low,11,namesilo,,,29/09/2026 10:29
9f002756-7419-45cb-85eb-b0a03c141da8,agriculture.flowers,available,107.22,107.22,high,low,11,dynadot,,,29/09/2026 10:29
e26ba441-9461-48b1-b2d8-d99926b3005d,agriculture.mom,available,1.24,26,high,low,11,spaceship,,,29/09/2026 10:29
84f49084-7ffb-458f-94d7-93bc75cb4fbc,agriculture.country,available,2298,2450,high,low,11,namecheap,,,29/09/2026 10:29
cc0a6854-f65f-45b1-873f-7f5b871f8acd,farming.mx,available,22.98,58.98,high,low,7,namecheap,,,17/08/2026 22:33
0c5f3250-aa65-4fc5-9321-ad2abe47d019,agriculture.creditcard,available,129.2,129.2,high,low,11,spaceship,,,29/09/2026 10:29
d297e5f2-e023-45c4-af8a-99c6f115b59a,farming.holiday,available,9.99,83.99,high,low,7,name.com,,,17/08/2026 22:33
a3d063a4-4a53-4cec-a5d3-8dc0e51207b6,agriculture.website,premium,1107,1107,high,low,11,namesilo,,,29/09/2026 10:29
4d2cf182-4ed4-4cc2-8ff4-4d5200dbcbc5,agriculture.estate,resell,,,high,low,11,,,,29/09/2026 10:29
a9b38a88-96d8-4cae-bbe2-0ff737432bd3,farming.prof,premium,111.25,111.25,high,low,7,name.com,,,17/08/2026 22:33
8e3680bd-322a-411c-8020-45b85aee7a79,farming.condos,available,58.99,58.99,high,low,7,namesilo,,,17/08/2026 22:33
7b93f76b-7702-475a-a56e-7dc953972e1b,farming.tips,available,12.98,42.48,high,low,7,namecheap,,,17/08/2026 22:33
733cedf2-f6cb-4ea4-b86f-8f47621e14c9,agriculture.network,resell,,,high,low,11,,,,29/09/2026 10:29
75045816-a3b2-41c2-9cb4-bff700105429,farming.rodeo,available,12.99,12.99,high,low,7,namesilo,,,17/08/2026 22:33
efc8d648-6ab7-4add-8245-41363a9d05bb,agriculture.host,premium,258.95,517.7,high,low,11,spaceship,,,29/09/2026 10:29
645b09f2-db16-4644-a7dd-dbf83d8d300b,farming.design,resell,,,high,low,7,Dynadot Inc,19/01/2026 22:03,19/01/2027 22:03,26/09/2026 06:01
e42b301f-9c7c-47d5-b934-47f1085f481c,agriculture.kiwi,premium,81.9,81.9,high,low,11,namecheap,,,29/09/2026 10:29
c89782dd-d5d4-49ae-baf2-9c0c92abd778,agriculture.contractors,premium,118.8,118.8,high,low,11,namesilo,,,29/09/2026 10:29
cdc58e0d-3c47-4c9d-8e67-bc8311fb3e03,farming.airforce,available,103.99,103.99,high,low,7,namesilo,,,17/08/2026 22:33
31a31839-a764-4970-82aa-377d32c23ca4,agriculture.jewelry,available,51.95,51.95,high,low,11,spaceship,,,29/09/2026 10:29
8ac7c30e-73fc-4648-b3a8-4b92eef7fc22,farming.legal,available,9.99,92.99,high,low,7,name.com,,,17/08/2026 22:33
02afdd24-dc52-426c-841a-bb0c02fd1eda,farming.army,available,17.48,48.98,high,low,7,namecheap,,,17/08/2026 22:33
f28fbf69-eda7-4aa4-afa4-ba4b22bb3e28,farming.christmas,available,1.8,49.98,high,low,7,namecheap,,,17/08/2026 22:33
9867b93e-7fb0-4215-b40b-408cf8cf8443,farm.garden,premium,414.2,26.08,high,low,4,spaceship,,,29/09/2026 18:58
9fb639a6-3ae4-49e3-90db-658b2f56a912,farming.audio,available,104.99,114.99,high,low,7,namesilo,,,17/08/2026 22:33
d9f15129-27f4-482e-bcf0-4c1503b3cb0c,farming.cash,available,12.99,38.99,high,low,7,namesilo,,,25/09/2026 09:56
c72b7220-1932-4279-9165-b24728598c58,agriculture.miami,premium,,,high,low,11,,,,29/09/2026 10:29
a4414a00-521a-40dd-9e2c-c76f84e481e2,agriculture.ngo,premium,3250,1625,high,low,11,namecheap,,,29/09/2026 10:29
e2d09d57-fd27-4ec5-a843-855c0f290a15,agriculture.cat,available,18.83,25.04,high,low,11,spaceship,,,29/09/2026 10:29
34bcd73b-1010-4b06-aaea-1f59928a7ea4,farming.navy,available,41.99,41.99,high,low,7,namesilo,,,17/08/2026 22:33
9e63458b-903a-4834-8101-6fbc84456361,farming.hospital,available,57.99,57.99,high,low,7,namesilo,,,27/09/2026 06:57
243ee4c4-b5d1-4373-98db-677e9a035495,agriculture.me,premium,4140,16.52,high,low,11,namesilo,,,29/09/2026 10:29
d35939db-1e54-400c-b522-861a4e48e05b,farming.bargains,available,14.98,37.98,high,low,7,namecheap,,,17/08/2026 22:33
f38431f8-ba5c-44f2-a4ba-6fce93266510,agriculture.tel,available,10.62,10.62,high,low,11,namesilo,,,29/09/2026 10:29
90ec0c23-dc68-4e39-9d5e-572c46932d29,agriculture.pro,resell,,,high,low,11,OVH SAS,19/06/2008 00:00,19/06/2027 00:00,29/09/2026 10:29
63b21937-6d03-494d-b3e6-3b263fe57b55,farming.tienda,available,9.99,77.99,high,low,7,name.com,,,17/08/2026 22:33
aae143d7-bb80-4c02-83f6-37286da84bc0,farming.dance,available,10.48,36.98,high,low,7,namecheap,,,17/08/2026 22:33
c4b13e99-b94c-4f97-bc99-0dded2345f25,farming.realty,premium,2187.5,3125,high,low,7,name.com,,,17/08/2026 22:33
1a7c8394-3363-4692-b36e-e7980fa72985,farming.photo,premium,116,116,high,low,7,namesilo,,,17/08/2026 22:33
3ba1f53d-888e-44d7-9bea-1fe715570940,farming.reise,available,27.89,97.99,high,low,7,namesilo,,,17/08/2026 22:33
9613e488-cfbe-453d-8588-7d8e126faab1,farming.hot,premium,116,116,high,low,7,namesilo,,,17/08/2026 22:33
b2df57a5-ebb4-4f3d-b75a-fe47dd454ee2,agriculture.team,resell,,,high,low,11,,,,29/09/2026 10:29
0d814eda-f871-489d-815d-92ed3558e8e8,farming.cab,available,23.99,43.99,high,low,7,name.com,,,17/08/2026 22:33
f557c878-a6d9-45ba-868b-75aacfac5fad,agriculture.car,available,1863.2,2064.2,high,low,11,spaceship,,,29/09/2026 10:29
72ea68bd-8e15-403f-8020-c7e7c903517d,farm.eco,premium,8187.96,63.3,high,low,4,porkbun,,,29/09/2026 18:58
f98d83af-1f67-4c5f-bb74-197ce67e026f,agriculture.airforce,available,82.9,82.9,high,low,11,porkbun,,,29/09/2026 10:29
e715c089-e60e-4e91-9fad-f937266addb5,farm.so,resell,,,high,low,4,SOSTEC TECHNOLOGIES_LR,16/08/2024 03:58,16/08/2025 03:58,
a4ce9977-7eb2-4132-bc51-bccf17739cb4,farming.football,available,19.99,37.99,high,low,7,name.com,,,17/08/2026 22:33
bf950037-4963-40c5-ad74-42a61c8a9e90,farming.voting,available,1398,1448,high,low,7,namecheap,,,17/08/2026 22:33
4c83db5a-ed85-4d01-8d4c-9cac45324a14,agriculture.mov,premium,37.7,37.7,high,low,11,namecheap,,,29/09/2026 10:29
8a27b390-963c-4be3-8828-c633daed2f20,farming.protection,available,1999.99,2049.99,high,low,7,namesilo,,,17/08/2026 22:33
81371d41-d78a-42b5-819a-a7681b85fc2e,farming.dental,available,78.99,78.99,high,low,7,namesilo,,,17/08/2026 22:33
f90b23f7-f867-4e00-9849-7e9e217f638e,farming.recipes,available,5.48,95.98,high,low,7,namecheap,,,17/08/2026 22:33
6fe59cbe-f33f-4bd9-910a-5b1cd4c8f863,farming.sucks,premium,2658.67,2658.67,high,low,7,namesilo,,,17/08/2026 22:33
fc432447-a04f-4b44-a3d3-298f3b41fc60,farming.bayern,available,34.99,34.99,high,low,7,namesilo,,,17/08/2026 22:33
90e00eb4-4779-42e3-8e55-39ae136a0d98,farming.parts,available,10.48,45.98,high,low,7,namecheap,,,17/08/2026 22:33
e27dac10-12ef-411f-b448-8e01ff7c1826,agriculture.money,premium,118.8,118.8,high,low,11,namesilo,,,29/09/2026 10:29
91738172-9404-45f2-a501-73dcafdbe94f,farming.news,premium,650,1300,high,low,7,namecheap,,,27/09/2026 06:51
255359c9-5187-4eec-aa59-691b23532de7,agriculture.photography,available,6.98,46.48,high,low,11,namecheap,,,29/09/2026 10:29
4198f8c3-8116-4e41-903e-cbaa5095e8c9,agriculture.energy,available,90.2,90.2,high,low,11,cloudflare,,,29/09/2026 10:29
f39d7cf8-b316-4d49-8d24-a8679acb43fb,agriculture.social,premium,102.67,102.67,high,low,11,spaceship,,,29/09/2026 10:29
12041073-d869-4797-9b03-432de4d7f1ab,agriculture.travel,available,115.2,115.2,high,low,11,cloudflare,,,29/09/2026 10:29
510f9a28-5cb9-4042-b1b3-dc6748d8956a,farming.university,available,19.99,81.99,high,low,7,name.com,,,17/08/2026 22:33
78153f58-fba6-4fde-a2ba-db79b49b91d9,agriculture.toys,available,13.14,51.95,high,low,11,spaceship,,,29/09/2026 10:29
cdd84436-3a13-4070-999f-b98c9523b543,agriculture.gay,premium,53.92,53.92,high,low,11,namesilo,,,29/09/2026 10:29
5eada952-24db-485c-86df-ca776b8e739c,agriculture.barcelona,available,25.04,25.04,high,low,11,spaceship,,,29/09/2026 10:29
5b2ffc58-5d8c-4764-bb0e-8bc907cf803f,farming.mobile,premium,375,375,high,low,7,name.com,,,17/08/2026 22:33
08644906-b057-4c2d-bf8d-c280e836626f,farming.today,resell,,,high,low,7,"DNSPod, Inc.",24/07/2024 17:00,24/07/2027 17:00,26/09/2026 06:01
97fdb6e1-83c8-40f7-8df4-74a43e51fcda,farming.builders,available,7.99,50.99,high,low,7,name.com,,,17/08/2026 22:33
bb555e31-555d-4565-84eb-27ec883928a4,agriculture.bar,available,3.49,54.99,high,low,11,namesilo,,,29/09/2026 10:29
d3b537cf-178a-4781-8836-3e5800ef5bce,agriculture.guru,premium,242,242,high,low,11,namesilo,,,29/09/2026 10:29
1846441e-fb82-4f45-a0ee-4a5811bfa5ed,farming.coupons,available,2.98,59.98,high,low,7,namecheap,,,17/08/2026 22:33
a695850f-2a8a-441e-a3a7-f11c8296031a,farming.associates,available,12.98,49.98,high,low,7,namecheap,,,17/08/2026 22:33
fcdc948a-f2be-4a39-973a-daea0ca3eabd,agriculture.voyage,available,46.78,46.78,high,low,11,spaceship,,,29/09/2026 10:29
c563f394-28b5-454f-a602-a99fbabfa519,agriculture.black,available,15.73,51.95,high,low,11,spaceship,,,29/09/2026 10:29
81ce01f3-56de-463e-8cd3-495646548b77,agriculture.apartments,available,57.99,57.99,high,low,11,namesilo,,,29/09/2026 10:29
570cdcc3-53ad-4ea9-b8d3-c69ed07251ac,farming.tickets,available,359.99,389.99,high,low,7,namesilo,,,17/08/2026 22:33
667a553b-1607-46c9-918c-d0f6117922a4,agriculture.men,resell,,,high,low,11,,,,29/09/2026 10:29
4c42c7e4-34a9-4884-87a0-baa65d553564,farming.golf,available,6.98,83.98,high,low,7,namecheap,,,17/08/2026 22:33
478a3d36-64e1-4939-ab79-889e2b510016,agriculture.trading,available,16.2,16.2,high,low,11,cloudflare,,,29/09/2026 10:29
4694aff3-1c2d-4b2c-8992-733a3035c68d,farming.maison,available,24.99,83.99,high,low,7,name.com,,,17/08/2026 22:33
c4068d07-6c0b-4357-8c2e-034c94fa684b,farming.build,available,32.98,39.98,high,low,7,namecheap,,,17/08/2026 22:33
bbe76513-5fc4-4ae8-8f9c-1b1bd1f9c72f,agriculture.storage,available,465.95,500.2,high,low,11,spaceship,,,29/09/2026 10:29
0e5d1cca-2e17-4c09-b3df-a95112996b0a,agriculture.vegas,available,12.99,43.99,high,low,11,namesilo,,,29/09/2026 10:29
a617b2ee-6eb8-4051-a789-53bfa19ee9d6,farming.solutions,resell,,,high,low,7,"Spaceship, Inc.",26/03/2014 16:16,26/03/2027 16:16,26/09/2026 06:01
a902e1f1-99f8-4ff2-b44e-373816e2344a,agriculture.study,premium,5175.2,5175.2,high,low,11,spaceship,,,29/09/2026 10:29
7b2e72f9-bb9c-4e96-acf7-c16aa989dea1,farm.technology,resell,,,high,low,4,"GoDaddy.com, LLC",25/08/2019 12:06,25/08/2027 12:06,29/09/2026 18:58
e470a56d-fecd-49f5-938b-3825a332a174,farming.country,available,2298,2450,high,low,7,namecheap,,,17/08/2026 22:33
3d380d73-268e-4b00-afdb-54bd9ac2073b,agriculture.casino,available,6.41,129.58,high,low,11,spaceship,,,29/09/2026 10:29
b47d541b-45a3-416b-95e6-0ea0be4b6bd8,agriculture.lgbt,available,10.55,64.37,high,low,11,spaceship,,,29/09/2026 10:29
5809d753-ac64-44bc-ab40-1b6a6f9a9f52,farming.sale,premium,118.8,118.8,high,low,7,namesilo,,,17/08/2026 22:33
d70aacb5-cdb7-4313-afa3-2f93c621a78f,agriculture.download,available,4.48,5.55,high,low,11,dynadot,,,29/09/2026 10:29
7495d297-834f-4207-9474-0058ce169790,agriculture.degree,available,40.2,40.2,high,low,11,cloudflare,,,29/09/2026 10:29
f812f5d9-5223-4adb-8b12-b6241cc9693a,farming.works,resell,,,high,low,7,"Spaceship, Inc.",17/07/2026 12:22,17/07/2027 12:22,26/09/2026 06:01
e8562af2-758c-49ed-a076-469b62d0f0b0,farming.memorial,available,52.99,52.99,high,low,7,namesilo,,,17/08/2026 22:33
30876306-fbc8-4f76-b7b3-4682cdd2b083,farming.moe,available,13.99,13.99,high,low,7,namesilo,,,17/08/2026 22:33
1aab8c86-6191-479b-9652-8cee8ef713b9,agriculture.cards,available,31.25,31.25,high,low,11,spaceship,,,29/09/2026 10:29
677f5f1f-0275-4363-87f4-dfd20104dde0,agriculture.properties,premium,200.5,,high,low,11,unstoppable,,,29/09/2026 10:29
684a8e5c-7bde-48e6-973a-8f1c2549d67e,farming.life,resell,,,high,low,7,Xin Net Technology Corporation,18/11/2019 08:27,18/11/2027 08:27,26/09/2026 06:01
a0da7bde-0a5c-4993-8fb4-6fef533e1785,farm.zip,premium,516.67,516.67,high,low,4,spaceship,,,29/09/2026 18:58
76fd3b3b-dabb-4a42-87a2-38ad19123db9,farming.hair,available,1.8,19.98,high,low,7,namecheap,,,17/08/2026 22:33
61a6227a-9bec-4cdc-9155-e17557385151,farm.contractors,premium,85.8,85.8,high,low,4,namecheap,,,29/09/2026 18:58
1e1b99de-9a5d-40c1-8833-832a3007c738,farm.game,premium,1345.7,1345.7,high,low,4,spaceship,,,29/09/2026 18:58
2118bd5b-5d16-4626-9d07-52a48eb64f18,farming.guide,premium,118.8,118.8,high,low,7,namesilo,,,17/08/2026 22:33
d5266cd9-9b11-4eaa-8101-a69e052002cb,farming.fun,premium,781.25,3125,high,low,7,name.com,,,17/08/2026 22:33
c2507bbf-515d-4d89-8b1e-302ea3846755,farm.moi,available,27,25.99,high,low,4,unstoppable,,,29/09/2026 18:58
04da85a2-c497-41ca-b3ee-07af3939d74f,farming.furniture,available,23.98,127.98,high,low,7,namecheap,,,17/08/2026 22:33
780d9467-0d1f-4d3b-88e8-2a46a5269918,farm.miami,premium,207.2,18.83,high,low,4,spaceship,,,29/09/2026 18:58
bdfb4bcb-1c2b-4393-946d-def81aad1a6f,farming.town,available,6.98,47.48,high,low,7,namecheap,,,17/08/2026 22:33
494c8e42-5e8a-4b04-a9cf-450a9f0587af,farm.diet,available,93.35,103.4,high,low,4,spaceship,,,29/09/2026 18:58
38886add-06a8-484f-a0bc-b73851b51d08,agriculture.directory,premium,20.9,20.9,high,low,11,spaceship,,,29/09/2026 10:29
d96e2985-518a-454d-a121-91fd86acfcce,farming.creditcard,available,9.99,236.99,high,low,7,name.com,,,17/08/2026 22:33
affb9921-4536-4efa-a4a6-5116281079ee,farm.diy,premium,724.7,1035.2,high,low,4,spaceship,,,29/09/2026 18:58
8e7f33a2-a968-463a-9ba5-4811d9116f23,farm.foo,premium,516.67,516.67,high,low,4,spaceship,,,29/09/2026 18:58
8636777e-3f3c-4048-b86c-758f60416a66,agriculture.town,available,8.99,36.49,high,low,11,namesilo,,,29/09/2026 10:29
340027dd-09ab-4da3-bc70-824301f5fd22,agriculture.deals,available,40.98,51.98,high,low,11,namecheap,,,29/09/2026 10:29
f866c9e3-197b-4fe9-8fe4-5793624a93c5,farm.blackfriday,available,107.22,107.22,high,low,4,dynadot,,,29/09/2026 18:58
94211d42-eb7f-4ca3-8bd8-8b21dd3834c3,agriculture.shiksha,available,14.99,51.99,high,low,11,namesilo,,,29/09/2026 10:29
6746d560-c87e-4573-9422-7c3f98ffa26a,agriculture.shoes,available,64.99,64.99,high,low,11,namesilo,,,29/09/2026 10:29
6573501f-62aa-4862-838f-48d01f84ff48,farming.tv,resell,,,high,low,7,1API GmbH,10/11/2011 09:01,10/11/2027 09:01,26/09/2026 06:01
e6dd6ac5-2162-4de7-893d-a3267ea55f59,agriculture.rsvp,premium,59.2,,high,low,11,unstoppable,,,29/09/2026 10:29
ba645ca2-7409-4c70-9def-328f16f57e9b,agriculture.vet,available,43.98,52.98,high,low,11,namecheap,,,29/09/2026 10:29
8b71248f-97f2-4636-ab22-5d66ee05e0a7,farm.golf,available,6.41,51.95,high,low,4,spaceship,,,29/09/2026 18:58
09276b52-09b2-409e-967b-4662f67c01a6,agriculture.accountants,available,117.99,117.99,high,low,11,namesilo,,,29/09/2026 10:29
6fa15e87-a289-42e0-a35d-eb42821c83f3,farming.hamburg,available,59.99,59.99,high,low,7,name.com,,,17/08/2026 22:33
8c4efc07-4d4d-4d6b-829d-657ed41e97e7,farming.degree,available,14.99,64.99,high,low,7,name.com,,,17/08/2026 22:33
404adecd-6be8-47dd-81c4-db3e49de4ec1,farming.cruises,available,14.99,81.99,high,low,7,name.com,,,17/08/2026 22:33
f0efb972-f422-4830-87d8-31ed70b50437,farm.uno,premium,2587.7,2587.7,high,low,4,spaceship,,,29/09/2026 18:58
1301b01c-e394-4514-969a-8d9561416ac2,farming.limo,available,19.99,71.99,high,low,7,name.com,,,17/08/2026 22:33
9c63e775-fc61-46ef-b19b-cbaadb0447ad,farm.global,premium,1242.2,51.95,high,low,4,spaceship,,,29/09/2026 18:58
b41d49ed-bf95-4c3c-aabc-3ef1afe9f42f,farm.cloud,resell,,,high,low,4,UM Domains Pte. Ltd.,09/05/2026 23:04,09/05/2027 23:04,29/09/2026 18:58
96768f0c-4586-4b7b-a159-b1825ca2be77,agriculture.ooo,available,24.99,24.99,high,low,11,namesilo,,,29/09/2026 10:29
9c21a745-27ef-4f3e-a1fb-a86f890cc20f,agriculture.management,premium,102.67,102.67,high,low,11,spaceship,,,29/09/2026 10:29
6dd4b776-b77f-4b1b-b9d9-afc7c1b98b01,agriculture.melbourne,premium,154.35,154.35,high,low,11,dynadot,,,29/09/2026 10:29
7e32486a-cea1-4d14-9c5c-353a81d396bc,agriculture.tires,available,5.99,78.99,high,low,11,namesilo,,,29/09/2026 10:29
e90a1376-2579-4599-acbd-20e29a0f51a5,farm.dad,premium,516.67,516.67,high,low,4,spaceship,,,29/09/2026 18:58
c3c4f597-961a-4988-851e-42ab325746cb,farming.media,resell,,,high,low,7,Netregistry Wholesale Pty Ltd,15/01/2026 09:08,15/01/2027 09:08,26/09/2026 06:01
d6eaf25d-12bd-44ed-a42b-dadf89dcd757,farming.shopping,available,14.99,45.99,high,low,7,name.com,,,17/08/2026 22:33
8e4d809f-6e30-4b28-bf03-26bf23389d35,agriculture.pizza,available,5.98,83.98,high,low,11,namecheap,,,29/09/2026 10:29
868326ed-918d-470a-832d-26526767e995,farm.dog,resell,,,high,low,4,,,,29/09/2026 18:58
29bc035d-1f63-4a85-a32c-9a22debe1687,farming.support,resell,,,high,low,7,"Spaceship, Inc.",01/01/2026 18:55,01/01/2027 18:55,26/09/2026 06:01
937f5cee-8a2a-4a0e-b055-4063acf31d66,farm.mom,premium,710.1,710.1,high,low,4,porkbun,,,29/09/2026 18:58
7b293119-87f9-4a0f-b840-cc532d00d35b,farm.exchange,resell,,,high,low,4,"Spaceship, Inc.",20/12/2019 07:39,20/12/2026 07:39,29/09/2026 18:58
0a4acf5d-e251-4a07-b877-407e29008d28,farming.dev,premium,198.75,198.75,high,low,7,name.com,,,17/08/2026 22:33
eb81c836-44a2-4b33-b723-9cece37cf510,farm.free,premium,1035.2,1035.2,high,low,4,spaceship,,,29/09/2026 18:58
7908abf0-bc69-45e0-990c-34294f4140c3,agriculture.to,resell,,,high,low,11,,,,29/09/2026 10:29
dbf26f4a-bc83-4923-8d3b-111edae81862,farming.college,available,5,81.98,high,low,7,namecheap,,,17/08/2026 22:33
dc641338-737b-4881-90cd-697f4055411d,farm.bayern,available,34.35,34.35,high,low,4,dynadot,,,29/09/2026 18:58
950469ae-6f42-4ba9-9d70-a922e7b96c99,farming.attorney,available,62.99,62.99,high,low,7,namesilo,,,17/08/2026 22:33
a385b373-5585-42bd-957d-1c824925c024,farming.ceo,available,9.99,124.98,high,low,7,namecheap,,,17/08/2026 22:33
16e0d80d-fff9-43f2-bfff-a65b871ad846,farm.bingo,available,41.2,41.2,high,low,4,cloudflare,,,29/09/2026 18:58
ee7babb7-6405-4226-acc2-2eeaeb8bdbfd,farm.biz,resell,,,high,low,4,"NameCheap, Inc.",27/03/2002 05:53,26/03/2027 23:59,29/09/2026 18:58
3c02ffa7-e4d4-48c7-95c5-865335c1a0a8,farming.institute,available,5.98,37.98,high,low,7,namecheap,,,17/08/2026 22:33
356e69a6-7832-4a5c-b978-9453f3ec2392,farm.codes,available,3.31,57.13,high,low,4,spaceship,,,29/09/2026 18:58
be62edb8-1508-4d45-8157-e118143a44bd,agriculture.foo,premium,32.18,32.18,high,low,11,porkbun,,,29/09/2026 10:29
f95652c6-94e9-45da-98f2-09333c5f6e44,farm.srl,premium,50.6,28.04,high,low,4,dynadot,,,29/09/2026 18:58
9491b504-dfa7-4289-b2e1-dfa8b4d0554c,farm.tattoo,available,2,32.32,high,low,4,dynadot,,,29/09/2026 18:58
70a15da6-0285-49b3-956d-361f46a18986,farming.fan,premium,123.75,123.75,high,low,7,name.com,,,17/08/2026 22:33
bf5ae138-907c-4fd1-8bb9-4858ed33bde7,agriculture.ventures,available,20.99,59.99,high,low,11,namesilo,,,29/09/2026 10:29
5cc77ca4-4924-4322-b282-dcd85b54d366,agriculture.blue,available,12.62,19.87,high,low,11,spaceship,,,29/09/2026 10:29
c80127ad-c19f-483b-85ea-8b7731a92342,agriculture.mortgage,available,49.88,49.88,high,low,11,spaceship,,,29/09/2026 10:29
d3042df7-f68b-49a9-a0df-ddf039970a7c,agriculture.recipes,available,60.2,60.2,high,low,11,cloudflare,,,29/09/2026 10:29
3aa130ef-c67a-448c-b806-8d6d62509e23,farm.salon,available,44.2,44.2,high,low,4,cloudflare,,,29/09/2026 18:58
9d4a875d-24ce-4b9c-ae91-30f39bc243ae,farm.food,premium,724.7,1035.2,high,low,4,spaceship,,,29/09/2026 18:58
82868c5f-447a-4d55-8ef1-9254fe7f9ee7,farm.ooo,premium,66000,109.98,high,low,4,dynadot,,,29/09/2026 18:58
bfcb1fde-9949-48a2-a1c9-2f544a03c6eb,agriculture.dating,available,20.99,64.99,high,low,11,namesilo,,,29/09/2026 10:29
f74204c2-e17d-4f99-82fb-b5e52d58f670,farm.gift,available,20.98,23.98,high,low,4,namecheap,,,29/09/2026 18:58
9d3f0743-aa33-4f8b-b357-414475c82bd9,farm.healthcare,available,93.98,111.98,high,low,4,namecheap,,,29/09/2026 18:58
443517bb-8485-4789-ac4f-ec65781cb7ef,farming.rehab,premium,242,242,high,low,7,namesilo,,,17/08/2026 22:33
9c996801-61d4-45dc-9f3d-b69ed6b387db,farm.photos,available,8.98,40.98,high,low,4,namecheap,,,29/09/2026 18:58
95811293-ae21-4751-8a8b-a591902d8f90,farm.exposed,premium,54.36,108.6,high,low,4,porkbun,,,29/09/2026 18:58
688070f4-78c6-49e9-b67d-d755d537c973,agriculture.photo,premium,103.7,103.7,high,low,11,spaceship,,,29/09/2026 10:29
5ce3d285-9706-4cef-ab4e-966ca8d12cdb,farming.report,resell,,,high,low,7,"Network Solutions, LLC",05/04/2016 15:36,05/04/2027 15:36,26/09/2026 06:01
c7ecd19c-08db-4aa7-8faa-ea834cf62987,farm.mobile,premium,1035.2,1035.2,high,low,4,spaceship,,,29/09/2026 18:58
bee7d5a4-193e-4dbc-8e71-83144ada57fa,agriculture.camp,available,49.88,49.88,high,low,11,spaceship,,,29/09/2026 10:29
b8de02b1-365f-44be-9ed8-3a82e5e8f7f0,farming.health,premium,1107,71.4,high,low,7,namesilo,,,17/08/2026 22:33
d4ef3e7d-9d57-496e-869a-967199386b3e,farm.financial,premium,118.8,118.8,high,low,4,namesilo,,,29/09/2026 18:58
32ec0055-cb14-48c3-aa11-c15748178059,agriculture.bot,resell,,,high,low,11,,,,29/09/2026 10:29
8915759c-6692-4046-9a33-bb69f4d8c5d7,farming.theater,available,19.99,83.99,high,low,7,name.com,,,17/08/2026 22:33
ba5d771f-1752-4d9b-9ca1-bdf239d67b2b,farm.blog,premium,550,2200,high,low,4,dynadot,,,29/09/2026 18:58
fc7f540b-66fe-4abd-9077-891c97efefad,farm.onl,premium,53.92,116,high,low,4,namesilo,,,29/09/2026 18:58
e30aa3a3-2cbb-4997-a633-3829344eb750,agriculture.security,available,2000.2,2000.2,high,low,11,cloudflare,,,29/09/2026 10:29
fe723375-1396-4e01-808c-b64d328dfe2d,farming.uno,premium,156.25,312.5,high,low,7,name.com,,,17/08/2026 22:33
704998bb-01b0-41bc-abf1-a32f6a0e2bc3,farming.video,available,4.98,49.48,high,low,7,namecheap,,,17/08/2026 22:33
caa22ff6-d1f0-42df-9b6a-4536b0975b71,farming.singles,available,3.98,36.98,high,low,7,namecheap,,,17/08/2026 22:33
d7dda1bf-04f9-41d4-afe5-529fd3478e83,agriculture.forex,available,10.81,82.9,high,low,11,porkbun,,,29/09/2026 10:29
b5a58aba-1318-422f-809d-04edc504037a,farm.buzz,premium,103.7,51.95,high,low,4,spaceship,,,29/09/2026 18:58
a63c8950-9253-44a9-8cdd-2828aa180794,farming.study,premium,242,242,high,low,7,namesilo,,,17/08/2026 22:33
03c0d89b-32f2-4936-8d80-41775cffd7d4,agriculture.golf,available,6.98,83.98,high,low,11,namecheap,,,29/09/2026 10:29
75736f53-b4aa-4e8b-9a49-e5b322b58226,agriculture.zip,premium,30.22,30.22,high,low,11,spaceship,,,29/09/2026 10:29
dc0d53d9-e1c6-496d-a05f-5244e2b63e9b,farm.singles,available,9,,high,low,4,unstoppable,,,29/09/2026 18:58
3eb05276-df0d-4301-85ee-8d7e9c2f626e,farming.day,premium,73.75,73.75,high,low,7,name.com,,,17/08/2026 22:33
cba67a0f-5e5d-4cc9-969f-6aaf01a69db3,farm.studio,premium,400.5,560,high,low,4,unstoppable,,,29/09/2026 18:58
dcb82537-814c-408c-81fc-22acc5c21574,farming.fail,available,14.99,46.99,high,low,7,name.com,,,17/08/2026 22:33
a3135ed7-02f8-4689-b22f-c42bfe58aca9,agriculture.one,premium,650,650,high,low,11,namecheap,,,29/09/2026 10:29
ecd4cbf6-a906-41dc-a692-60351cf8eff2,farming.network,resell,,,high,low,7,"Spaceship, Inc.",24/10/2019 18:18,24/10/2027 18:18,26/09/2026 06:01
f10eaa41-fd31-49d7-ad49-055215ac7968,farming.security,available,1999.99,2049.99,high,low,7,namesilo,,,17/08/2026 22:33
a21e00d4-cd77-47dc-a3aa-c8b907752bef,farming.toys,available,14.98,82.48,high,low,7,namecheap,,,17/08/2026 22:33
ed447063-cbd6-4947-ab79-be749f775f08,farming.casa,available,1.98,17.98,high,low,7,namecheap,,,17/08/2026 22:33
05a28be1-df6b-4da4-ae53-358a6a1df7b5,farm.kaufen,available,23.94,23.94,high,low,4,spaceship,,,29/09/2026 18:58
dbd3aa76-eba5-4389-add7-4bf962dd3073,farm.recipes,premium,500,,high,low,4,name.com,,,29/09/2026 18:58
5599d414-d7da-49d2-b11a-a4f89b8138a7,agriculture.group,resell,,,high,low,11,,,,29/09/2026 10:29
36f11c28-649d-45c4-94ba-048a4478391b,farm.productions,premium,108.9,108.9,high,low,4,dynadot,,,29/09/2026 18:58
34370a04-28d2-4040-9622-2e66fe350540,farming.show,available,14.99,56.99,high,low,7,name.com,,,17/08/2026 22:33
0c361a17-684a-420f-a31a-cc5c13ae5dfd,agriculture.rich,available,94.99,1999,high,low,11,namesilo,,,29/09/2026 10:29
e4ad86eb-39eb-4a4d-b056-c277fde184d0,farming.industries,premium,78.54,78.54,high,low,7,namesilo,,,17/08/2026 22:33
f737abdf-b576-4afa-bab7-9b8e85fd0c4f,farming.engineering,available,10.48,85.98,high,low,7,namecheap,,,17/08/2026 22:33
8ac93e5a-ba5a-4442-8a6a-c11122c09cb4,farming.observer,premium,11.8,11.8,high,low,7,namesilo,,,27/09/2026 06:51
4f59675e-277e-4200-b98e-2260c541270a,agriculture.fit,resell,,,high,low,11,,,,29/09/2026 10:29
06c7ccb8-8990-4953-97d0-5dd8d8a4ec20,agriculture.vip,premium,227.5,19.5,high,low,11,namecheap,,,29/09/2026 10:29
c6dfe305-2754-40d5-bcb6-8be2a04e9961,agriculture.voto,available,10.55,55.93,high,low,11,spaceship,,,29/09/2026 10:29
2c3b66d5-7f68-43cc-8eed-c0a02b41e5e8,farming.partners,available,10.48,88.98,high,low,7,namecheap,,,17/08/2026 22:33
776219cd-851f-4f47-92f7-5655e2cf7e92,farming.moda,available,19.99,52.99,high,low,7,name.com,,,17/08/2026 22:33
81a076bf-098e-4caf-99b4-834c0e256c7f,farming.travel,available,23.98,186.98,high,low,7,namecheap,,,17/08/2026 22:33
6b617f91-b848-42fc-af48-206025416c26,crop.site,premium,325,1300,high,low,4,namecheap,,,24/09/2026 19:07
f97112e9-6786-41c7-ac5c-23b6f749f131,farming.app,resell,,,high,low,7,GrepApps Technology Inc.,19/02/2026 06:10,19/02/2027 06:10,26/09/2026 06:01
df61ee8c-caca-4459-8ff7-39e461b40846,farm.webcam,premium,103.7,26.08,high,low,4,spaceship,,,29/09/2026 18:58
86e8d887-0fcf-493d-b7c3-e638e769494b,farming.loan,premium,12500,125,high,low,7,name.com,,,17/08/2026 22:33
ab5603f5-3db2-4182-b081-ba41c642269f,agriculture.hot,premium,116,116,high,low,11,namesilo,,,29/09/2026 10:29
d4b5c979-0ace-4d42-abc4-af6b0c0d46b7,farm.host,premium,3250,6500,high,low,4,namecheap,,,29/09/2026 18:58
51c2309c-d398-402f-8bf9-ac7787e1bc27,farm.music,premium,2586.67,38.5,high,low,4,spaceship,,,29/09/2026 18:58
f6b8018d-ad1e-416e-9773-f8de335cf82b,farm.maison,premium,102.67,102.67,high,low,4,spaceship,,,29/09/2026 18:58
27eba234-65f7-4ead-b9e4-3e9426eac111,farming.makeup,available,1.8,19.98,high,low,7,namecheap,,,17/08/2026 22:33
1d9611ab-5359-4f0f-b141-c47743e1e099,farm.immobilien,premium,207.2,207.2,high,low,4,spaceship,,,29/09/2026 18:58
22e26723-c052-4729-b0a7-ea58b1976f8d,farming.international,available,9.48,40.48,high,low,7,namecheap,,,17/08/2026 22:33
c1142479-752c-4833-9fce-4fba66caa503,farm.date,premium,375,,high,low,4,name.com,,,29/09/2026 18:58
9fbaa51d-f932-4e59-a5e2-e80a24a04511,farming.locker,premium,58.72,8.8,high,low,7,namesilo,,,17/08/2026 22:33
fd1baa8d-4504-4b8b-ae36-f5992111fbae,farming.events,available,10.48,57.98,high,low,7,namecheap,,,17/08/2026 22:33
3f60fa45-2f19-47c2-8120-de4bea5e11dd,farming.flowers,available,64.99,114.99,high,low,7,namesilo,,,17/08/2026 22:33
d50e2310-74ed-4aeb-8b59-5cb7e87bb515,farm.win,premium,110,27.5,high,low,4,dynadot,,,29/09/2026 18:58
0dc4d706-bf46-4b6e-a2b8-ac2df429d4c4,crop.vin,available,6.98,75.98,high,low,4,namecheap,,,24/09/2026 19:07
85d97456-4f71-4efc-8044-ef5e30c94f4c,farm.tech,premium,3125,12500,high,low,4,name.com,,,29/09/2026 18:58
6165daa7-c5ed-42c9-b285-160fac1eb417,farm.capital,resell,,,high,low,4,,,,29/09/2026 18:58
4160082f-9ad0-4f71-8b61-7c0f09d10459,farm.help,premium,218.75,,high,low,4,name.com,,,29/09/2026 18:58
19dedb2f-3475-4a99-a255-f372a088891b,farm.hamburg,available,69.98,73.98,high,low,4,namecheap,,,29/09/2026 18:58
1305aab5-a77f-438c-a0bc-5c7b10c51fb7,farm.cards,premium,102.67,102.67,high,low,4,spaceship,,,29/09/2026 18:58
f69463c7-e748-46cc-9898-9ab6581a7e2e,farming.hiphop,available,23.99,23.99,high,low,7,namesilo,,,17/08/2026 22:33
a5171c64-a89f-4782-b8a0-1965922f3cb3,farm.moe,premium,104,15.6,high,low,4,namecheap,,,29/09/2026 18:58
6b4a2dc0-01df-4b50-867e-f13abc4dc396,farm.dentist,available,51.95,51.95,high,low,4,spaceship,,,29/09/2026 18:58
780111c0-3da4-4931-ac54-2d80ebe76ed6,farming.marketing,available,6.98,53.98,high,low,7,namecheap,,,17/08/2026 22:33
88cd73b6-5a8d-4063-aa1e-ee703fef996a,farming.place,available,22.49,22.49,high,low,7,namesilo,,,17/08/2026 22:33
fa0a2661-7a2c-487e-9796-3db250411463,farm.rocks,resell,,,high,low,4,"Global Domains International, Inc. DBA DomainCostClub.com",26/11/2019 01:27,26/11/2026 01:27,29/09/2026 18:58
c0f6649d-08e3-4d54-96f0-4add6216050b,farming.supplies,premium,854,854,high,low,7,namesilo,,,17/08/2026 22:33
0386b296-a750-4d39-8523-6a24500320b5,farming.kitchen,available,8.98,83.98,high,low,7,namecheap,,,17/08/2026 22:33
6f0fee0c-949a-42a6-bc38-cd28fe460cf1,farming.hockey,available,14.99,77.99,high,low,7,name.com,,,17/08/2026 22:33
54f611bd-866d-41b4-8b6e-ea001dbde21a,farm.realty,premium,2187.5,,high,low,4,name.com,,,29/09/2026 18:58
799371ad-98f9-4cdb-a410-6cc589a0ca71,farming.barcelona,available,38.98,38.98,high,low,7,namecheap,,,17/08/2026 22:33
e13d32de-39a0-4ebc-9e9e-590ca3be93fa,farm.talk,premium,273.44,273.44,high,low,4,porkbun,,,29/09/2026 18:58
78fd4297-fd44-4e2d-aa1c-50a717774a40,farming.dog,available,5.98,86.98,high,low,7,namecheap,,,27/09/2026 06:42
f0b32bec-b512-43ca-a272-1ff500901929,farming.gg,resell,,,high,low,7,Enrapture Limited (https://enrapture.gg),,,26/09/2026 06:01
cc55dc20-19d2-4f3c-8aef-284c41685926,farm.degree,available,8.24,43.02,high,low,4,dynadot,,,29/09/2026 18:58
d932be5a-a15c-4d36-bf48-2ed303b7d4fd,farming.kaufen,available,5.99,26.99,high,low,7,namesilo,,,27/09/2026 06:50
2f408809-403e-4dc8-b207-15f3e131fc4a,crop.dev,resell,,,high,low,4,"GoDaddy.com, LLC",16/06/2025 19:43,16/06/2027 19:43,26/09/2026 05:20
236ff78e-6c48-470e-bca6-771b568e6869,farming.surgery,available,54.99,54.99,high,low,7,namesilo,,,17/08/2026 22:33
d3191047-defe-4e83-9fcc-375b32d6a8c6,farming.esq,premium,111.25,111.25,high,low,7,name.com,,,17/08/2026 22:33
c7963d71-18a7-4a6a-bed0-6414564fa6fe,crop.ceo,available,9.99,146.98,high,low,4,namecheap,,,24/09/2026 19:07
0a4a6440-59cf-45fa-8f60-42456a59791c,farming.best,available,2.35,22.99,high,low,7,namesilo,,,25/09/2026 09:56
cc8cdf81-b411-47ed-89cb-51d2e15f52e5,farming.boutique,available,2.98,41.98,high,low,7,namecheap,,,17/08/2026 22:33
5743296b-1cf5-48d8-aa3d-f582cbfea5f0,farming.markets,resell,,,high,low,7,"Spaceship, Inc.",01/01/2026 18:55,01/01/2027 18:55,26/09/2026 06:01
f3dce32f-aeb7-43e7-ab0d-e274aa845b9a,farm.sucks,available,205.46,213.14,high,low,4,porkbun,,,29/09/2026 18:58
e706731a-1bb6-4557-b4f8-a412b1ea6334,farming.limited,available,14.99,52.99,high,low,7,name.com,,,17/08/2026 22:33
a2667c1c-43fa-443b-b71a-3d9b80ef7bc0,farming.foo,premium,311.25,311.25,high,low,7,name.com,,,17/08/2026 22:33
1ae58e45-7199-417a-9616-1d378c2f2f0f,crop.pro,resell,,,high,low,4,Dynadot Inc,10/04/2018 11:07,10/04/2027 11:07,26/09/2026 05:20
6313180b-77d8-45a5-bf21-6abdc1cbd0b0,farming.construction,available,15.99,50.99,high,low,7,name.com,,,17/08/2026 22:33
1e70a51c-1fd9-4c6d-a2c3-b93e15a80079,farming.archi,available,19.99,103.99,high,low,7,namesilo,,,27/09/2026 06:55
db192836-67ac-45c5-9f72-61e01649e3f2,farming.financial,available,17.48,66.98,high,low,7,namecheap,,,17/08/2026 22:33
44e592dd-4e54-4dae-8f3f-3a2a9de8d086,farm.observer,premium,1035.2,1035.2,high,low,4,spaceship,,,29/09/2026 18:58
f5be28e6-04f0-43db-a281-4fa780f4bb26,farming.page,premium,70.21,70.21,high,low,7,namesilo,,,17/08/2026 22:33
516f4b1e-afe9-4606-aee5-2612e7dfdc8e,farming.viajes,available,37.99,37.99,high,low,7,namesilo,,,17/08/2026 22:33
e621d714-77df-4b77-b6f6-4a169c2dd971,farm.nyc,premium,517.7,26.08,high,low,4,spaceship,,,29/09/2026 18:58
eda36701-738a-44e8-bf44-5e388284e3db,farming.rich,available,94.99,1999,high,low,7,namesilo,,,17/08/2026 22:33
8bf6eabe-5051-4fcb-bfa1-9d1ec11a0d02,farming.boston,available,23.49,23.49,high,low,7,namesilo,,,17/08/2026 22:33
ed5d8402-f0f9-4887-8128-2c1083e951f2,farming.investments,available,6.98,166.98,high,low,7,namecheap,,,17/08/2026 22:33
ebf9afcb-71f3-4437-b8bd-8ea454f3ebbb,crop.maison,available,60.98,69.98,high,low,4,namecheap,,,24/09/2026 19:07
b6d4c4a1-7415-4f0c-b126-7e837ea79905,farming.cfd,premium,68.43,147.2,high,low,7,namesilo,,,27/09/2026 06:56
fecdbab9-e72c-46c3-acc7-335f1dc3e4c2,crop.supplies,available,25.48,32.48,high,low,4,namecheap,,,24/09/2026 19:07
47fe7187-59d5-4f1e-a02d-7e0f21da4732,farming.vet,available,41.99,41.99,high,low,7,namesilo,,,17/08/2026 22:33
380b9356-7812-4967-b472-26bb812f7712,farming.broker,available,11.98,47.98,high,low,7,namecheap,,,17/08/2026 22:33
f3101310-b1f1-4df0-a05c-34398c0b7bd4,farming.berlin,available,79.98,89.98,high,low,7,namecheap,,,17/08/2026 22:33
30325dfa-d680-4112-b0e2-060a68114195,farming.inc,premium,2015,2600,high,low,7,namecheap,,,17/08/2026 22:33
230d4b42-c134-4793-93b0-84180f0a8bc0,farm.plus,resell,,,high,low,4,"Sav.com, LLC",24/05/2026 14:32,24/05/2027 14:32,29/09/2026 18:58
0090b722-1bb7-4858-8eac-1bc31923e964,farming.gifts,available,14.99,46.99,high,low,7,name.com,,,17/08/2026 22:33
9c55a9a1-431f-44a9-b9f8-dab469081395,crop.tube,premium,650,26,high,low,4,namecheap,,,24/09/2026 19:07
196e4de5-dfa6-4f87-8f99-1e515d474170,farming.futbol,available,5.98,21.98,high,low,7,namecheap,,,17/08/2026 22:33
ed7e7291-9367-4166-8cda-bc5998ddcb84,crop.audio,available,108.98,159.98,high,low,4,namecheap,,,24/09/2026 19:07
4fea9014-2fb1-4bb9-8114-54e413a48490,farming.website,premium,625,1250,high,low,7,name.com,,,17/08/2026 22:33
654ef5b6-2a4d-4d89-9501-795b30ae8251,farming.gripe,available,6.98,8.98,high,low,7,namecheap,,,17/08/2026 22:33
6549e668-a4b4-4c88-a1bb-a35291334540,crop.realty,available,99.8,456.98,high,low,4,namecheap,,,24/09/2026 19:07
bfe7b000-fdbe-4c4d-956d-2985655f45e6,farm.camera,premium,414.2,414.2,high,low,4,spaceship,,,29/09/2026 18:58
4714b23c-58e7-4be9-ba69-92de3efea45b,farming.dad,premium,73.75,73.75,high,low,7,name.com,,,17/08/2026 22:33
fa361230-def1-47a8-8054-b8456093fcd7,farming.band,available,17.48,39.98,high,low,7,namecheap,,,17/08/2026 22:33
f1fae60b-438f-48ac-966a-b624e2326036,farming.gratis,available,23.99,23.99,high,low,7,namesilo,,,17/08/2026 22:33
be808bbf-59cd-47fa-bea8-ddf9c1d58dc0,farm.locker,premium,650,39,high,low,4,namecheap,,,29/09/2026 18:58
68135c19-2636-47d9-8f61-c91885882bc9,farm.fail,premium,118.8,118.8,high,low,4,namesilo,,,29/09/2026 18:58
4a18bc7a-7eb5-49b1-98a8-1a582d72a9bd,farming.porn,available,69.98,154.98,high,low,7,namecheap,,,17/08/2026 22:33
cdb48600-eba0-4c53-8d3e-7808f5bfc466,farm.wine,resell,,,high,low,4,"Spaceship, Inc.",12/04/2021 14:07,12/04/2027 14:07,29/09/2026 18:58
1af25ec1-d96c-47dd-950b-6ad6fddf04e0,farming.exposed,premium,23.6,23.6,high,low,7,namesilo,,,17/08/2026 22:33
a9abf00c-54ad-4bc8-a46d-b77a4552c90f,farming.voto,available,11.98,86.98,high,low,7,namecheap,,,17/08/2026 22:33
432c5918-2278-4546-a8f2-2c9b82fb2af5,crop.band,available,17.48,39.98,high,low,4,namecheap,,,24/09/2026 19:07
e35fbbd3-27b8-4c4f-85a7-e80ab341eb40,farm.cc,resell,,,high,low,4,,,,29/09/2026 18:58
58fe12c6-6825-459c-b263-1e7c2fc9393b,farm.social,premium,220,220,high,low,4,dynadot,,,29/09/2026 18:58
f90118e8-c20b-4a66-854b-dc8c1d82d676,crop.diamonds,available,57.98,72.98,high,low,4,namecheap,,,24/09/2026 19:07
360c3308-58de-4022-85c4-2dac74a9cc06,crop.ski,available,76.98,82.98,high,low,4,namecheap,,,24/09/2026 19:07
b1f7036b-3f23-47d2-9dc4-1d373a099f01,farm.organic,resell,,,high,low,4,"Network Solutions, LLC",10/04/2025 15:15,10/04/2027 15:15,29/09/2026 18:58
5494a7cc-677d-4928-b1ef-91e873374ae9,crop.condos,available,61.98,72.98,high,low,4,namecheap,,,24/09/2026 19:07
0499da5a-941c-4634-96e4-bea061ada911,crop.press,premium,162.5,325,high,low,4,namecheap,,,24/09/2026 19:07
b63847c9-d096-4a26-b52a-07590f5692c9,farming.vegas,available,12.99,43.99,high,low,7,namesilo,,,17/08/2026 22:33
c5b4de37-d4ce-4de1-bf87-49b73daf7305,crop.rentals,available,6.98,56.98,high,low,4,namecheap,,,24/09/2026 19:07
a1f310b5-592c-4f77-836b-ecf39dc246a2,farm.sexy,premium,13000,13000,high,low,4,namecheap,,,29/09/2026 18:58
8f30071c-a8f2-4519-a94b-8f71910253ac,farm.equipment,resell,,,high,low,4,1API GmbH,07/08/2015 16:00,07/08/2027 16:00,29/09/2026 18:58
fb67d4e2-15ac-4758-b0a6-63e97371c8c7,farm.camp,resell,,,high,low,4,,,,29/09/2026 18:58
abbe7f15-59d5-4c0b-b105-1b1980734b40,crop.diet,available,108.98,159.98,high,low,4,namecheap,,,24/09/2026 19:07
b0fea76c-5105-49a4-9485-0a97c1fea720,crop.vodka,premium,52,32.5,high,low,4,namecheap,,,24/09/2026 19:07
b04e0dc9-b011-4835-9ff2-19f08cfb49e3,crop.care,premium,64.35,128.7,high,low,4,namecheap,,,24/09/2026 19:07
1c967495-a3bf-4647-ba05-6bef7498d36d,crop.estate,available,6.98,52.98,high,low,4,namecheap,,,24/09/2026 19:07
31f32afc-dcdc-45a8-a665-115c3d8ac4fe,crop.club,premium,1300,19.5,high,low,4,namecheap,,,24/09/2026 19:07
1dc3e334-20e7-4a5c-b6fc-c2286864ea0a,farm.tips,premium,400.5,,high,low,4,unstoppable,,,29/09/2026 18:58
8afaf788-556c-4fd1-aae2-c7cdb3d9c930,farm.gives,available,7.48,37.98,high,low,4,namecheap,,,29/09/2026 18:58
30904fad-2496-4ace-8f4f-2cc5fe794fff,farming.cx,available,18.99,18.99,high,low,7,namesilo,,,17/08/2026 22:33
a3df4e7f-9697-45ed-9408-8ae76e62865b,farming.gives,available,5.99,40.99,high,low,7,name.com,,,17/08/2026 22:33
c2e730b2-dc56-4556-a7c1-910bb9bd6d8e,farming.salon,available,55.98,69.98,high,low,7,namecheap,,,27/09/2026 06:52
af93aab4-1b7c-493e-a1c8-21ba51f2cc18,farm.car,available,1863.2,2064.2,high,low,4,spaceship,,,29/09/2026 18:58
419d3b45-65cf-4f43-8c25-d8cb449ea912,crop.qpon,available,,,high,low,4,,,,24/09/2026 19:07
d1c32e7c-9f97-409e-ab16-88823f1722e2,farming.jetzt,available,13.99,29.99,high,low,7,name.com,,,17/08/2026 22:33
c9d2dd64-02b2-4762-bea2-54bdecfd8347,crop.party,premium,130,32.5,high,low,4,namecheap,,,24/09/2026 19:07
2634f741-a1d7-483a-ba29-5dd0c4515f04,crop.deal,available,38.98,48.98,high,low,4,namecheap,,,24/09/2026 19:07
440b8010-0108-48c9-96cd-d0b646523240,farm.sbs,premium,390,780,high,low,4,namecheap,,,29/09/2026 18:58
d2e0104b-22da-46a8-a94c-290235dd54c2,crop.solar,available,67.98,81.98,high,low,4,namecheap,,,24/09/2026 19:07
e6422ebd-b923-48e0-81e3-6f8508f67387,farm.casa,resell,17.98,,high,low,4,"Spaceship, Inc.",11/04/2026 20:28,11/04/2027 20:28,29/09/2026 18:58
9715a17e-e807-4274-b78a-1f7d5b0860a3,farm.art,premium,2500.2,83.3,high,low,4,unstoppable,,,29/09/2026 18:58
ba60ae2d-77be-4209-b6de-d228f62d61df,crop.sucks,available,278.98,298,high,low,4,namecheap,,,24/09/2026 19:07
eb8ff0fc-8391-414e-b087-f23442bf4ac4,crop.click,premium,91,130,high,low,4,namecheap,,,24/09/2026 19:07
feb20469-1dca-429e-be69-0b22b40b901e,farming.diet,available,104.99,114.99,high,low,7,namesilo,,,17/08/2026 22:33
93bda803-273f-4793-8875-208842492085,farming.repair,available,5.98,47.48,high,low,7,namecheap,,,17/08/2026 22:33
8afd86e4-99ee-40b1-afcc-efe570048961,crop.meme,premium,117,117,high,low,4,namecheap,,,24/09/2026 19:07
b695e1ef-f391-4ed8-8bd4-4a4008602099,crop.viajes,available,43.98,57.98,high,low,4,namecheap,,,24/09/2026 19:07
0a8ac136-526c-42a4-b913-29bc9a08d396,crop.soy,premium,107.9,107.9,high,low,4,namecheap,,,24/09/2026 19:07
2a3b56ad-bb86-4ca9-99f1-34210eceafd3,crop.limo,available,57.98,68.98,high,low,4,namecheap,,,24/09/2026 19:07
077a8dda-1485-43b6-b820-73419e0fcd38,cultivation.organic,available,66.2,66.2,high,low,11,cloudflare,,,03/10/2026 07:20
bbaf6fda-964a-44bd-b726-d819d9719118,cultivation.tech,premium,250.2,,high,low,11,unstoppable,,,03/10/2026 07:20
c85c65a4-49a3-4678-98d9-f30ba7d4ea66,farm.rent,premium,550,550,high,low,4,dynadot,,,29/09/2026 18:58
6a0d78ef-0b74-4a89-b126-2417f4e7249a,cultivation.ai,resell,,,high,low,11,,,,03/10/2026 07:20
e179539b-7df0-4346-900e-3507e9a70667,crop.casa,premium,52,13,high,low,4,namecheap,,,24/09/2026 19:07
caaf50c1-4df9-496c-b5c9-faf982534037,farm.xxx,available,51.95,98.53,high,low,4,spaceship,,,29/09/2026 18:58
71ee6609-5196-47d4-b03d-5bf4058dd741,crop.channel,premium,167.7,167.7,high,low,4,namecheap,,,24/09/2026 19:07
f7c606a1-0a90-4704-9877-2a4d7169df5a,farm.engineer,premium,71.4,71.4,high,low,4,namesilo,,,29/09/2026 18:58
02d80cda-aa20-42f7-a3c8-35db05a82f6a,crop.music,available,47.98,52.48,high,low,4,namecheap,,,24/09/2026 19:07
5055b557-3c9c-42a1-a0e9-abaf0848c89c,crop.florist,available,31.98,41.98,high,low,4,namecheap,,,24/09/2026 19:07
35faf92f-86d5-4941-8228-e532c6f175ad,crop.news,premium,260,520,high,low,4,namecheap,,,24/09/2026 19:07
e9397fb2-2857-4a4c-ab3c-5bd60792fe17,farm.plumbing,available,56.2,56.2,high,low,4,cloudflare,,,29/09/2026 18:58
51c3f2dc-b81c-4f28-851e-88a12119127a,crop.living,premium,227.5,325,high,low,4,namecheap,,,24/09/2026 19:07
33ded3fa-2e6f-4ab2-986e-12acf020a613,farm.chat,premium,260,520,high,low,4,namecheap,,,29/09/2026 18:58
1b5623d0-4b8a-4ab0-8c55-1e9d27fa661e,crop.graphics,available,22.98,31.98,high,low,4,namecheap,,,24/09/2026 19:07
c69e1da8-3813-47bd-93b1-7ee4d23744ea,crop.hockey,available,62.98,72.98,high,low,4,namecheap,,,24/09/2026 19:07
98a7c8c6-d3d5-4107-aaeb-704fcecea3a3,farm.beer,premium,2500,,high,low,4,name.com,,,29/09/2026 18:58
571d2cdf-57dc-45a0-b629-cd0d95a11dd6,farm.cricket,available,20.88,20.88,high,low,4,spaceship,,,29/09/2026 18:58
a37290b4-4791-4aa9-bee6-17df71ff984b,crop.flights,available,23.98,75.98,high,low,4,namecheap,,,24/09/2026 19:07
89d66b81-fc8f-4490-a5eb-99a384027f15,crop.icu,premium,390,780,high,low,4,namecheap,,,24/09/2026 19:07
378b03be-27b0-4798-8416-db1d01059ed0,farm.clinic,premium,118.8,118.8,high,low,4,namesilo,,,29/09/2026 18:58
b23879aa-96e7-4733-b688-427450f5dfd6,crop.cv,premium,1309.75,87.75,high,low,4,namecheap,,,24/09/2026 19:07
8dde79ab-b2ce-433a-a5fc-ea7a11b7624b,cultivation.training,available,15,,high,low,11,unstoppable,,,03/10/2026 07:20
726a82ab-17f3-46fb-9ee4-16d61d3a2bc5,crop.irish,available,5.98,31.98,high,low,4,namecheap,,,24/09/2026 19:07
de25003d-4778-4749-b745-b4921b49c8da,crop.digital,resell,,,high,low,4,"Sav.com, LLC - 1",27/11/2025 15:15,27/11/2026 15:15,26/09/2026 05:20
a0c2ff99-ec46-4bf8-8422-3aa76475f80c,crop.creditcard,available,156.98,168.98,high,low,4,namecheap,,,24/09/2026 19:07
13fe3d95-b815-4261-9fbd-535b17135484,crop.eco,premium,9735.05,74.75,high,low,4,namecheap,,,24/09/2026 19:07
913a5ce4-f21b-4eab-ac51-f70ca21ba779,farm.auto,available,2070,2950,high,low,4,namecheap,,,29/09/2026 18:58
7805f7e8-71af-401c-8c7d-d4a08ab683b7,farm.top,premium,655.68,655.68,high,low,4,dynadot,,,29/09/2026 18:58
f8ac0558-1247-4602-bdfb-3cb95539ffa7,farm.prof,premium,671.92,671.92,high,low,4,spaceship,,,29/09/2026 18:58
0e2c9611-3e9f-4bb9-8e15-b4d04cbdbb8d,crop.hiv,available,,,high,low,4,,,,24/09/2026 19:07
d1f84c78-34b8-4e75-974e-3106dc96642f,crop.osaka,available,32.98,41.98,high,low,4,namecheap,,,24/09/2026 19:07
e42bd02b-af63-4827-b903-02952185fd93,farm.vodka,available,25.2,25.2,high,low,4,cloudflare,,,29/09/2026 18:58
3ec07940-ccdb-41c5-a2e1-1a0a4371877d,farm.gifts,premium,36.32,72.57,high,low,4,porkbun,,,29/09/2026 18:58
076aed4b-9c72-4f5e-ae38-be25f58f0546,cultivation.gg,available,68.98,82.98,high,low,11,namecheap,,,03/10/2026 07:20
2f9ce658-1826-4a8a-967f-0bd0f2ff9e49,crop.men,premium,130,32.5,high,low,4,namecheap,,,24/09/2026 19:07
e50180df-c136-4d7a-8d05-a7bc91cc7983,crop.best,premium,1180.99,1180.99,high,low,4,namecheap,,,24/09/2026 19:07
cd03e050-00f9-49ef-8ddb-697d3cf90ab6,cultivation.dad,available,10.52,10.52,high,low,11,spaceship,,,03/10/2026 07:20
616d6460-144d-45d7-b256-0019e2ce9047,crop.observer,premium,13,13,high,low,4,namecheap,,,24/09/2026 19:07
09a09895-d5cc-4f8f-9925-671dfd4db41c,soil.garden,premium,83,26.08,high,low,4,spaceship,,,02/10/2026 13:07
7ed8b81a-cf89-43c8-be0f-f175615e9aae,farm.law,available,83,83,high,low,4,spaceship,,,29/09/2026 18:58
52a63476-6ead-42fc-a1b5-f996e818ccf4,crop.lease,available,58.98,73.98,high,low,4,namecheap,,,24/09/2026 19:07
a4145835-9acd-4a14-9ba7-dcf5f40dbd20,farm.support,premium,102.67,102.67,high,low,4,spaceship,,,29/09/2026 18:58
33aa9774-2be9-4acf-b588-3626bbfc4f80,farm.pub,resell,,,high,low,4,Alibaba Cloud Computing Ltd. d/b/a HiChina (www.net.cn),13/05/2015 06:37,13/05/2027 06:37,29/09/2026 18:58
de874bc7-d1c0-47a1-8f80-adef54547a56,crop.contact,available,13.98,16.78,high,low,4,namecheap,,,24/09/2026 19:07
da452991-2b06-47e1-b2b6-78c60d44ca71,crop.cooking,available,33.98,43.98,high,low,4,namecheap,,,24/09/2026 19:07
f27a5cdd-63a5-44e4-98e8-752ad3711207,cultivation.sbs,available,1.99,16.27,high,low,11,dynadot,,,03/10/2026 07:20
b991f84b-8e07-40c8-b987-54712ae833b9,farm.mba,available,30.2,30.2,high,low,4,cloudflare,,,29/09/2026 18:58
665bd39b-70c4-4488-810a-adc2eca330c4,farm.money,resell,,,high,low,4,1API GmbH,08/01/2016 04:08,08/01/2027 04:08,29/09/2026 18:58
42c887f8-a5b7-48e4-9385-3b34a555abca,soil.xyz,resell,,,high,low,4,"GoDaddy.com, LLC",02/06/2014 17:36,02/06/2027 23:59,02/10/2026 13:07
55de89fb-df45-4c54-abdf-440dc567d6e4,farm.cam,premium,1950,18.2,high,low,4,namecheap,,,29/09/2026 18:58
ac1ba50f-fd94-4549-a9d5-66ceb2b29150,farm.broker,resell,,,high,low,4,1API GmbH,08/03/2020 01:06,08/03/2027 23:59,29/09/2026 18:58
ffab5177-a754-42df-909a-98e7f71a4805,cultivation.villas,available,62.98,74.98,high,low,11,namecheap,,,03/10/2026 07:20
b8b3dea9-a3f0-4bf2-8575-ef9cbacd82ac,farm.show,resell,,,high,low,4,1API GmbH,16/03/2018 03:02,16/03/2027 03:02,29/09/2026 18:58
67960269-f04b-4f17-8efb-20f64c9277e2,crop.giving,available,7.48,35.98,high,low,4,namecheap,,,24/09/2026 19:07
34d006a0-c8c6-408a-b897-245713c796be,cultivation.srl,available,31.99,31.99,high,low,11,namesilo,,,03/10/2026 07:20
060037da-97e9-435b-9562-d92a8f76b5b2,soil.rent,available,1.5,81.98,high,low,4,namecheap,,,02/10/2026 13:07
07f3f695-dfad-4098-abf3-30eea189efb9,cultivation.vip,premium,224,17.7,high,low,11,namesilo,,,03/10/2026 07:20
3f0b542d-5246-4a2e-b94e-55a009f44466,cultivation.exposed,available,22.49,22.49,high,low,11,namesilo,,,03/10/2026 07:20
cad4f96e-8cda-4bf3-bcd6-27bb281e805b,crop.shop,premium,650,650,high,low,4,namecheap,,,24/09/2026 19:07
669e1341-ebd4-42a6-bdb5-4cd3c6b33846,cultivation.viajes,available,35.18,35.18,high,low,11,spaceship,,,03/10/2026 07:20
1ac20c12-0d96-4886-9f0f-ba4a56ad5056,cultivation.cleaning,available,58.2,58.2,high,low,11,cloudflare,,,03/10/2026 07:20
34fdf6d2-00ac-4bbf-acf3-3f5afcd83501,crop.dad,premium,167.7,167.7,high,low,4,namecheap,,,24/09/2026 19:07
74ebef6c-d5a8-4da5-a7c7-604dcc63b6b2,cultivation.parts,available,12,,high,low,11,unstoppable,,,03/10/2026 07:20
0d7c9e8c-0c2c-430b-82b0-f58206ddb3b0,crop.lifestyle,premium,227.5,325,high,low,4,namecheap,,,24/09/2026 19:07
55f38abe-3dcb-40b7-bf9b-0080f61d010a,farm.giving,available,6.41,22.39,high,low,4,spaceship,,,29/09/2026 18:58
70c09dac-9441-4107-9c38-e45579b1d47c,farm.vacations,premium,207.2,207.2,high,low,4,spaceship,,,29/09/2026 18:58
8656be08-7ff8-408f-949d-641d26370a7a,crop.film,available,77.98,97.98,high,low,4,namecheap,,,24/09/2026 19:07
38a327d5-cbd8-4693-bdfa-5d86f3cacc88,crop.fashion,premium,52,32.5,high,low,4,namecheap,,,24/09/2026 19:07
bbff90e2-ba5e-45d1-b732-4e849a2979de,farm.boutique,resell,,,high,low,4,"Sav.com, LLC - 46",23/07/2026 15:15,23/07/2027 15:15,29/09/2026 18:58
4ac9a365-e4d8-4758-9d92-5f94f3ffeadd,cultivation.bond,available,2,25.98,high,low,11,namecheap,,,03/10/2026 07:20
dadbcb61-0cc6-428a-96c1-557d24558886,farm.guru,premium,99.5,118.8,high,low,4,unstoppable,,,29/09/2026 18:58
1267d33d-b025-4313-8d5f-8d8c820128d9,cultivation.computer,available,22.5,,high,low,11,unstoppable,,,03/10/2026 07:20
197a692f-9a60-4f1f-b5ea-622969b73dc5,cultivation.contact,available,11.59,11.59,high,low,11,spaceship,,,03/10/2026 07:20
b7211d0f-7a0d-4774-9a27-942a4e68742d,farm.forsale,premium,1035.2,1035.2,high,low,4,spaceship,,,29/09/2026 18:58
ea92c4a9-aa44-4481-9c8c-ed6c668b6cfa,cultivation.vet,available,41.99,41.99,high,low,11,namesilo,,,03/10/2026 07:20
2eb79e63-e3dd-4587-bd31-04d5d79c027d,farm.download,premium,1035.2,103.7,high,low,4,spaceship,,,29/09/2026 18:58
83b415c3-8555-4ccc-86ec-9b7f0135ef48,crop.boo,premium,167.7,167.7,high,low,4,namecheap,,,24/09/2026 19:07
fac1649d-3080-4fab-a6e5-924accb97d66,farm.gay,premium,258.95,258.95,high,low,4,spaceship,,,29/09/2026 18:58
714ec724-7830-4233-ae00-2e0b2c29327d,cultivation.report,available,10.5,,high,low,11,unstoppable,,,03/10/2026 07:20
edae94f0-350c-4e7b-b161-df2572ca1d04,farm.viajes,available,37.67,37.67,high,low,4,dynadot,,,29/09/2026 18:58
4db447f2-aae5-4543-a69e-c854ebb42e89,crop.actor,available,9.48,54.98,high,low,4,namecheap,,,24/09/2026 19:07
a73397fb-7b4b-488c-95bf-ce846a10a949,cultivation.icu,available,3.19,19.49,high,low,11,namesilo,,,03/10/2026 07:20
e90d9314-700a-4c36-b767-6611861a6b26,cultivation.memorial,available,41.6,41.6,high,low,11,spaceship,,,03/10/2026 07:20
4347531f-dff1-4a1a-b201-ab9c154f156a,crop.support,available,4.98,37.98,high,low,4,namecheap,,,24/09/2026 19:07
ce582752-8aac-4c5e-b7bf-a58c7b806015,cultivation.estate,available,15.99,38.99,high,low,11,namesilo,,,03/10/2026 07:20
a16f6614-3d8b-483e-8cb7-2365d7ef5a1d,crop.marketing,available,6.98,53.98,high,low,4,namecheap,,,24/09/2026 19:07
88cfdfb2-7411-4dc6-be48-b66c5e44ea5d,cultivation.rest,available,2.19,28.99,high,low,11,namesilo,,,03/10/2026 07:20
f8c3988f-135d-4f8e-9921-316bf1c3fcb4,soil.vodka,premium,41.6,26.08,high,low,4,spaceship,,,02/10/2026 13:07
55c94398-bb7f-487f-8159-831a1d3879d4,farm.how,premium,474.5,474.5,high,low,4,namecheap,,,29/09/2026 18:58
0bb39045-4221-48e6-90b7-e8028649cfea,cultivation.enterprises,available,8.48,28.15,high,low,11,spaceship,,,03/10/2026 07:20
28e7a258-8960-478f-b3ec-b4a3acd87bc4,farm.theater,available,50.2,50.2,high,low,4,cloudflare,,,29/09/2026 18:58
8c2c7afb-dd05-4f6b-a23c-33dc693b0e93,soil.properties,premium,102.67,102.67,high,low,4,spaceship,,,02/10/2026 13:07
e424b0d2-5b8b-4ccd-8b74-d1c4e1161ed0,crop.id,resell,,,high,low,4,PANDI Registrar,04/12/2025 02:39,04/12/2034 23:59,26/09/2026 05:20
491c4785-9548-4dff-9678-65a162eb1e30,farm.study,premium,51.95,51.95,high,low,4,spaceship,,,29/09/2026 18:58
58f4926a-a9bc-4c6b-8adc-420e2c5babf8,soil.mba,available,10.55,31.25,high,low,4,spaceship,,,02/10/2026 13:07
fc24d328-e730-45ef-828d-9a52a1b9a500,crop.dealer,premium,2015,2600,high,low,4,namecheap,,,24/09/2026 19:07
590bae11-e7c9-46d2-a3ea-145c2bc485fe,crop.football,available,26.98,36.98,high,low,4,namecheap,,,24/09/2026 19:07
563e1ab5-d320-461e-8d40-b23bb9d14683,cultivation.yachts,available,1.99,17.29,high,low,11,namesilo,,,03/10/2026 07:20
f413dec6-4085-4321-a2d5-6bb05e762d21,soil.training,available,7.96,33.32,high,low,4,spaceship,,,02/10/2026 13:07
480699ae-f944-4554-88a3-04ab83fb3436,farm.holiday,premium,102.67,102.67,high,low,4,spaceship,,,29/09/2026 18:58
c41891fd-8b4c-47e5-a146-b4249eaa7689,soil.baby,available,17.99,54.99,high,low,4,namesilo,,,02/10/2026 13:07
40f432c8-f954-4900-a12a-176953c65fa4,crop.auto,available,2070,2950,high,low,4,namecheap,,,24/09/2026 19:07
e8178c1e-5c18-41c8-aec4-66637419d473,crop.love,premium,227.5,325,high,low,4,namecheap,,,24/09/2026 19:07